fname,fyear,tUTC,tLocal,tLocalGMT,timestep,timestep_hh,farea,fareaPer,fperim,rflinelen,cflinelen5,cflinelen10,cflinelen25,cflinelen50,cflinelen75,cflinelen90,rfline_fstate,cfline5_fstate,cfline10_fstate,cfline25_fstate,cfline50_fstate,cfline75_fstate,cfline90_fstate,dfarea,maefspread,awefspread
Tamarack,2021,2021-07-04 21:00:00,2021-07-04 14:00:00,2021-07-04 13:00:00,3,2.5,0.708,0.188636012426531,3.158,3.158,3.158,3.158,3.158,3.158,3.158,3.158,1,1,1,1,1,1,1,0.708,0.607,0.475
Tamarack,2021,2021-07-04 22:00:00,2021-07-04 15:00:00,2021-07-04 14:00:00,4,3.5,5.79,1.54265891518307,8.716,7.126,8.716,8.716,4.911,3.158,3.158,3.158,1,1,1,1,0,0,0,5.082,1.073,1.609
Tamarack,2021,2021-07-04 23:00:00,2021-07-04 16:00:00,2021-07-04 15:00:00,5,4.5,6.092,1.62312229901472,8.913,0.565,8.913,8.913,6.371,3.158,3.158,3.158,0,1,1,1,0,0,0,0.302,0.102,0.042
Tamarack,2021,2021-07-05 00:00:00,2021-07-04 17:00:00,2021-07-04 16:00:00,6,5.5,6.092,1.62312229901472,8.913,0.565,1.314,8.913,6.371,3.158,3.158,3.158,0,1,0,0,0,0,0,0,0,0
Tamarack,2021,2021-07-05 01:00:00,2021-07-04 18:00:00,2021-07-04 17:00:00,7,6.5,6.092,1.62312229901472,8.913,0.565,1.314,8.913,6.371,3.158,3.158,3.158,0,0,0,0,0,0,0,0,0,0
Tamarack,2021,2021-07-05 02:00:00,2021-07-04 19:00:00,2021-07-04 18:00:00,8,7.5,6.092,1.62312229901472,8.913,0.565,1.314,8.913,6.371,3.158,3.158,3.158,0,0,0,0,0,0,0,0,0,0
Tamarack,2021,2021-07-05 03:00:00,2021-07-04 20:00:00,2021-07-04 19:00:00,9,8.5,6.092,1.62312229901472,8.913,0.565,1.314,8.913,6.371,3.158,3.158,3.158,0,0,0,0,0,0,0,0,0,0
Tamarack,2021,2021-07-05 04:00:00,2021-07-04 21:00:00,2021-07-04 20:00:00,10,9.5,6.092,1.62312229901472,8.913,0.565,1.314,8.913,6.371,3.158,3.158,3.158,0,0,0,0,0,0,0,0,0,0
Tamarack,2021,2021-07-05 05:00:00,2021-07-04 22:00:00,2021-07-04 21:00:00,11,10.5,6.092,1.62312229901472,8.913,0.565,1.314,8.913,6.371,3.158,3.158,3.158,0,0,0,0,0,0,0,0,0,0
Tamarack,2021,2021-07-05 06:00:00,2021-07-04 23:00:00,2021-07-04 22:00:00,12,11.5,6.092,1.62312229901472,8.913,0.565,1.314,8.913,6.371,3.158,3.158,3.158,0,0,0,0,0,0,0,0,0,0
Tamarack,2021,2021-07-05 07:00:00,2021-07-05 00:00:00,2021-07-04 23:00:00,13,12.5,6.092,1.62312229901472,8.913,0.565,1.314,8.913,6.371,3.158,3.158,3.158,0,0,0,0,0,0,0,0,0,0
Tamarack,2021,2021-07-05 08:00:00,2021-07-05 01:00:00,2021-07-05 00:00:00,14,13.5,6.092,1.62312229901472,8.913,0.565,1.314,8.913,6.371,3.158,3.158,3.158,0,0,0,0,0,0,0,0,0,0
Tamarack,2021,2021-07-05 09:00:00,2021-07-05 02:00:00,2021-07-05 01:00:00,15,14.5,6.092,1.62312229901472,8.913,0.565,1.314,8.913,6.371,3.158,3.158,3.158,0,0,0,0,0,0,0,0,0,0
Tamarack,2021,2021-07-05 10:00:00,2021-07-05 03:00:00,2021-07-05 02:00:00,16,15.5,6.092,1.62312229901472,8.913,0.565,1.314,8.913,6.371,3.158,3.158,3.158,0,0,0,0,0,0,0,0,0,0
Tamarack,2021,2021-07-05 11:00:00,2021-07-05 04:00:00,2021-07-05 03:00:00,17,16.5,6.092,1.62312229901472,8.913,0.565,1.314,8.913,6.371,3.158,3.158,3.158,0,0,0,0,0,0,0,0,0,0
Tamarack,2021,2021-07-05 12:00:00,2021-07-05 05:00:00,2021-07-05 04:00:00,18,17.5,6.092,1.62312229901472,8.913,0.565,1.314,8.913,6.371,3.158,3.158,3.158,0,0,0,0,0,0,0,0,0,0
Tamarack,2021,2021-07-05 13:00:00,2021-07-05 06:00:00,2021-07-05 05:00:00,19,18.5,6.092,1.62312229901472,8.913,0.565,1.314,8.913,6.371,3.158,3.158,3.158,0,0,0,0,0,0,0,0,0,0
Tamarack,2021,2021-07-05 14:00:00,2021-07-05 07:00:00,2021-07-05 06:00:00,20,19.5,6.092,1.62312229901472,8.913,0.565,1.314,8.913,6.371,3.158,3.158,3.158,0,0,0,0,0,0,0,0,0,0
Tamarack,2021,2021-07-05 15:00:00,2021-07-05 08:00:00,2021-07-05 07:00:00,21,20.5,6.092,1.62312229901472,8.913,0.565,1.314,8.913,6.371,3.158,3.158,3.158,0,0,0,0,0,0,0,0,0,0
Tamarack,2021,2021-07-05 16:00:00,2021-07-05 09:00:00,2021-07-05 08:00:00,22,21.5,6.092,1.62312229901472,8.913,0.565,1.314,8.913,6.371,3.158,3.158,3.158,0,0,0,0,0,0,0,0,0,0
Tamarack,2021,2021-07-05 17:00:00,2021-07-05 10:00:00,2021-07-05 09:00:00,23,22.5,6.092,1.62312229901472,8.913,0.565,1.314,8.913,6.371,3.158,3.158,3.158,0,0,0,0,0,0,0,0,0,0
Tamarack,2021,2021-07-05 18:00:00,2021-07-05 11:00:00,2021-07-05 10:00:00,24,23.5,6.092,1.62312229901472,8.913,0.565,1.314,8.913,6.371,3.158,3.158,3.158,0,0,0,0,0,0,0,0,0,0
Tamarack,2021,2021-07-05 19:00:00,2021-07-05 12:00:00,2021-07-05 11:00:00,25,24.5,6.092,1.62312229901472,8.913,0.565,1.314,8.913,6.371,3.158,3.158,3.158,0,0,0,0,0,0,0,0,0,0
Tamarack,2021,2021-07-05 20:00:00,2021-07-05 13:00:00,2021-07-05 12:00:00,26,25.5,6.092,1.62312229901472,8.913,0.565,1.314,8.913,6.371,3.158,3.158,3.158,0,0,0,0,0,0,0,0,0,0
Tamarack,2021,2021-07-05 21:00:00,2021-07-05 14:00:00,2021-07-05 13:00:00,27,26.5,6.092,1.62312229901472,8.913,0.565,1.314,8.913,6.371,3.158,3.158,3.158,0,0,0,0,0,0,0,0,0,0
Tamarack,2021,2021-07-05 22:00:00,2021-07-05 15:00:00,2021-07-05 14:00:00,28,27.5,6.092,1.62312229901472,8.913,0.565,1.314,8.913,6.371,3.158,3.158,3.158,0,0,0,0,0,0,0,0,0,0
Tamarack,2021,2021-07-05 23:00:00,2021-07-05 16:00:00,2021-07-05 15:00:00,29,28.5,6.092,1.62312229901472,8.913,0.565,1.314,8.913,6.371,3.158,3.158,3.158,0,0,0,0,0,0,0,0,0,0
Tamarack,2021,2021-07-06 00:00:00,2021-07-05 17:00:00,2021-07-05 16:00:00,30,29.5,6.092,1.62312229901472,8.913,0.565,1.314,8.913,6.371,3.158,3.158,3.158,0,0,0,0,0,0,0,0,0,0
Tamarack,2021,2021-07-06 01:00:00,2021-07-05 18:00:00,2021-07-05 17:00:00,31,30.5,6.092,1.62312229901472,8.913,0.565,1.314,8.913,6.371,3.158,3.158,3.158,0,0,0,0,0,0,0,0,0,0
Tamarack,2021,2021-07-06 02:00:00,2021-07-05 19:00:00,2021-07-05 18:00:00,32,31.5,6.092,1.62312229901472,8.913,0.565,1.314,8.913,6.371,3.158,3.158,3.158,0,0,0,0,0,0,0,0,0,0
Tamarack,2021,2021-07-06 03:00:00,2021-07-05 20:00:00,2021-07-05 19:00:00,33,32.5,6.092,1.62312229901472,8.913,0.565,1.314,8.913,6.371,3.158,3.158,3.158,0,0,0,0,0,0,0,0,0,0
Tamarack,2021,2021-07-06 04:00:00,2021-07-05 21:00:00,2021-07-05 20:00:00,34,33.5,6.092,1.62312229901472,8.913,0.565,1.314,8.913,6.371,3.158,3.158,3.158,0,0,0,0,0,0,0,0,0,0
Tamarack,2021,2021-07-06 05:00:00,2021-07-05 22:00:00,2021-07-05 21:00:00,35,34.5,6.092,1.62312229901472,8.913,0.565,1.314,8.913,6.371,3.158,3.158,3.158,0,0,0,0,0,0,0,0,0,0
Tamarack,2021,2021-07-06 06:00:00,2021-07-05 23:00:00,2021-07-05 22:00:00,36,35.5,6.092,1.62312229901472,8.913,0.565,1.314,8.913,6.371,3.158,3.158,3.158,0,0,0,0,0,0,0,0,0,0
Tamarack,2021,2021-07-06 07:00:00,2021-07-06 00:00:00,2021-07-05 23:00:00,37,36.5,6.092,1.62312229901472,8.913,0.565,1.314,8.913,6.371,3.158,3.158,3.158,0,0,0,0,0,0,0,0,0,0
Tamarack,2021,2021-07-06 08:00:00,2021-07-06 01:00:00,2021-07-06 00:00:00,38,37.5,6.092,1.62312229901472,8.913,0.565,1.314,8.913,6.371,3.158,3.158,3.158,0,0,0,0,0,0,0,0,0,0
Tamarack,2021,2021-07-06 09:00:00,2021-07-06 02:00:00,2021-07-06 01:00:00,39,38.5,6.092,1.62312229901472,8.913,0.565,1.314,8.913,6.371,3.158,3.158,3.158,0,0,0,0,0,0,0,0,0,0
Tamarack,2021,2021-07-06 10:00:00,2021-07-06 03:00:00,2021-07-06 02:00:00,40,39.5,6.092,1.62312229901472,8.913,0.565,1.314,8.913,6.371,3.158,3.158,3.158,0,0,0,0,0,0,0,0,0,0
Tamarack,2021,2021-07-06 11:00:00,2021-07-06 04:00:00,2021-07-06 03:00:00,41,40.5,6.092,1.62312229901472,8.913,0.565,1.314,8.913,6.371,3.158,3.158,3.158,0,0,0,0,0,0,0,0,0,0
Tamarack,2021,2021-07-06 12:00:00,2021-07-06 05:00:00,2021-07-06 04:00:00,42,41.5,6.092,1.62312229901472,8.913,0.565,1.314,8.913,6.371,3.158,3.158,3.158,0,0,0,0,0,0,0,0,0,0
Tamarack,2021,2021-07-06 13:00:00,2021-07-06 06:00:00,2021-07-06 05:00:00,43,42.5,6.092,1.62312229901472,8.913,0.565,1.314,8.913,6.371,3.158,3.158,3.158,0,0,0,0,0,0,0,0,0,0
Tamarack,2021,2021-07-06 14:00:00,2021-07-06 07:00:00,2021-07-06 06:00:00,44,43.5,6.092,1.62312229901472,8.913,0.565,1.314,8.913,6.371,3.158,3.158,3.158,0,0,0,0,0,0,0,0,0,0
Tamarack,2021,2021-07-06 15:00:00,2021-07-06 08:00:00,2021-07-06 07:00:00,45,44.5,6.092,1.62312229901472,8.913,0.565,1.314,8.913,6.371,3.158,3.158,3.158,0,0,0,0,0,0,0,0,0,0
Tamarack,2021,2021-07-06 16:00:00,2021-07-06 09:00:00,2021-07-06 08:00:00,46,45.5,6.092,1.62312229901472,8.913,0.565,1.314,8.913,6.371,3.158,3.158,3.158,0,0,0,0,0,0,0,0,0,0
Tamarack,2021,2021-07-06 17:00:00,2021-07-06 10:00:00,2021-07-06 09:00:00,47,46.5,6.092,1.62312229901472,8.913,0.565,1.314,8.913,6.371,3.158,3.158,3.158,0,0,0,0,0,0,0,0,0,0
Tamarack,2021,2021-07-06 18:00:00,2021-07-06 11:00:00,2021-07-06 10:00:00,48,47.5,6.092,1.62312229901472,8.913,0.565,1.314,8.913,6.371,3.158,3.158,3.158,0,0,0,0,0,0,0,0,0,0
Tamarack,2021,2021-07-06 19:00:00,2021-07-06 12:00:00,2021-07-06 11:00:00,49,48.5,6.092,1.62312229901472,8.913,0.565,1.314,8.913,6.371,3.158,3.158,3.158,0,0,0,0,0,0,0,0,0,0
Tamarack,2021,2021-07-06 20:00:00,2021-07-06 13:00:00,2021-07-06 12:00:00,50,49.5,6.092,1.62312229901472,8.913,0.565,1.314,8.913,6.371,3.158,3.158,3.158,0,0,0,0,0,0,0,0,0,0
Tamarack,2021,2021-07-06 21:00:00,2021-07-06 14:00:00,2021-07-06 13:00:00,51,50.5,6.092,1.62312229901472,8.913,0.565,1.314,8.913,6.371,3.158,3.158,3.158,0,0,0,0,0,0,0,0,0,0
Tamarack,2021,2021-07-06 22:00:00,2021-07-06 15:00:00,2021-07-06 14:00:00,52,51.5,6.092,1.62312229901472,8.913,0.565,1.314,8.913,6.371,3.158,3.158,3.158,0,0,0,0,0,0,0,0,0,0
Tamarack,2021,2021-07-06 23:00:00,2021-07-06 16:00:00,2021-07-06 15:00:00,53,52.5,6.092,1.62312229901472,8.913,0.565,1.314,8.913,6.371,3.158,3.158,3.158,0,0,0,0,0,0,0,0,0,0
Tamarack,2021,2021-07-07 00:00:00,2021-07-06 17:00:00,2021-07-06 16:00:00,54,53.5,6.092,1.62312229901472,8.913,0.565,1.314,8.913,6.371,3.158,3.158,3.158,0,0,0,0,0,0,0,0,0,0
Tamarack,2021,2021-07-07 01:00:00,2021-07-06 18:00:00,2021-07-06 17:00:00,55,54.5,6.092,1.62312229901472,8.913,0.565,1.314,8.913,6.371,3.158,3.158,3.158,0,0,0,0,0,0,0,0,0,0
Tamarack,2021,2021-07-07 02:00:00,2021-07-06 19:00:00,2021-07-06 18:00:00,56,55.5,6.092,1.62312229901472,8.913,0.565,1.314,8.913,6.371,3.158,3.158,3.158,0,0,0,0,0,0,0,0,0,0
Tamarack,2021,2021-07-07 03:00:00,2021-07-06 20:00:00,2021-07-06 19:00:00,57,56.5,6.092,1.62312229901472,8.913,0.565,1.314,8.913,6.371,3.158,3.158,3.158,0,0,0,0,0,0,0,0,0,0
Tamarack,2021,2021-07-07 04:00:00,2021-07-06 21:00:00,2021-07-06 20:00:00,58,57.5,6.092,1.62312229901472,8.913,0.565,1.314,8.913,6.371,3.158,3.158,3.158,0,0,0,0,0,0,0,0,0,0
Tamarack,2021,2021-07-07 05:00:00,2021-07-06 22:00:00,2021-07-06 21:00:00,59,58.5,6.092,1.62312229901472,8.913,0.565,1.314,8.913,6.371,3.158,3.158,3.158,0,0,0,0,0,0,0,0,0,0
Tamarack,2021,2021-07-07 06:00:00,2021-07-06 23:00:00,2021-07-06 22:00:00,60,59.5,6.092,1.62312229901472,8.913,0.565,1.314,8.913,6.371,3.158,3.158,3.158,0,0,0,0,0,0,0,0,0,0
Tamarack,2021,2021-07-07 07:00:00,2021-07-07 00:00:00,2021-07-06 23:00:00,61,60.5,6.092,1.62312229901472,8.913,0.565,1.314,8.913,6.371,3.158,3.158,3.158,0,0,0,0,0,0,0,0,0,0
Tamarack,2021,2021-07-07 08:00:00,2021-07-07 01:00:00,2021-07-07 00:00:00,62,61.5,6.092,1.62312229901472,8.913,0.565,1.314,8.913,6.371,3.158,3.158,3.158,0,0,0,0,0,0,0,0,0,0
Tamarack,2021,2021-07-07 09:00:00,2021-07-07 02:00:00,2021-07-07 01:00:00,63,62.5,6.092,1.62312229901472,8.913,0.565,1.314,8.913,6.371,3.158,3.158,3.158,0,0,0,0,0,0,0,0,0,0
Tamarack,2021,2021-07-07 10:00:00,2021-07-07 03:00:00,2021-07-07 02:00:00,64,63.5,6.092,1.62312229901472,8.913,0.565,1.314,8.913,6.371,3.158,3.158,3.158,0,0,0,0,0,0,0,0,0,0
Tamarack,2021,2021-07-07 11:00:00,2021-07-07 04:00:00,2021-07-07 03:00:00,65,64.5,6.092,1.62312229901472,8.913,0.565,1.314,8.913,6.371,3.158,3.158,3.158,0,0,0,0,0,0,0,0,0,0
Tamarack,2021,2021-07-07 12:00:00,2021-07-07 05:00:00,2021-07-07 04:00:00,66,65.5,6.092,1.62312229901472,8.913,0.565,1.314,8.913,6.371,3.158,3.158,3.158,0,0,0,0,0,0,0,0,0,0
Tamarack,2021,2021-07-07 13:00:00,2021-07-07 06:00:00,2021-07-07 05:00:00,67,66.5,6.092,1.62312229901472,8.913,0.565,1.314,8.913,6.371,3.158,3.158,3.158,0,0,0,0,0,0,0,0,0,0
Tamarack,2021,2021-07-07 14:00:00,2021-07-07 07:00:00,2021-07-07 06:00:00,68,67.5,6.092,1.62312229901472,8.913,0.565,1.314,8.913,6.371,3.158,3.158,3.158,0,0,0,0,0,0,0,0,0,0
Tamarack,2021,2021-07-07 15:00:00,2021-07-07 08:00:00,2021-07-07 07:00:00,69,68.5,6.092,1.62312229901472,8.913,0.565,1.314,8.913,6.371,3.158,3.158,3.158,0,0,0,0,0,0,0,0,0,0
Tamarack,2021,2021-07-07 16:00:00,2021-07-07 09:00:00,2021-07-07 08:00:00,70,69.5,6.092,1.62312229901472,8.913,0.565,1.314,8.913,6.371,3.158,3.158,3.158,0,0,0,0,0,0,0,0,0,0
Tamarack,2021,2021-07-07 17:00:00,2021-07-07 10:00:00,2021-07-07 09:00:00,71,70.5,6.092,1.62312229901472,8.913,0.565,1.314,8.913,6.371,3.158,3.158,3.158,0,0,0,0,0,0,0,0,0,0
Tamarack,2021,2021-07-07 18:00:00,2021-07-07 11:00:00,2021-07-07 10:00:00,72,71.5,6.092,1.62312229901472,8.913,0.565,1.314,8.913,6.371,3.158,3.158,3.158,0,0,0,0,0,0,0,0,0,0
Tamarack,2021,2021-07-07 19:00:00,2021-07-07 12:00:00,2021-07-07 11:00:00,73,72.5,6.092,1.62312229901472,8.913,0.565,1.314,8.913,6.371,3.158,3.158,3.158,0,0,0,0,0,0,0,0,0,0
Tamarack,2021,2021-07-07 20:00:00,2021-07-07 13:00:00,2021-07-07 12:00:00,74,73.5,6.092,1.62312229901472,8.913,0.565,1.314,8.913,6.371,3.158,3.158,3.158,0,0,0,0,0,0,0,0,0,0
Tamarack,2021,2021-07-07 21:00:00,2021-07-07 14:00:00,2021-07-07 13:00:00,75,74.5,6.092,1.62312229901472,8.913,0.565,1.314,8.913,6.371,3.158,3.158,3.158,0,0,0,0,0,0,0,0,0,0
Tamarack,2021,2021-07-07 22:00:00,2021-07-07 15:00:00,2021-07-07 14:00:00,76,75.5,6.092,1.62312229901472,8.913,0.565,1.314,8.913,6.371,3.158,3.158,3.158,0,0,0,0,0,0,0,0,0,0
Tamarack,2021,2021-07-07 23:00:00,2021-07-07 16:00:00,2021-07-07 15:00:00,77,76.5,6.092,1.62312229901472,8.913,0.565,1.314,8.913,6.371,3.158,3.158,3.158,0,0,0,0,0,0,0,0,0,0
Tamarack,2021,2021-07-08 00:00:00,2021-07-07 17:00:00,2021-07-07 16:00:00,78,77.5,6.092,1.62312229901472,8.913,0.565,1.314,8.913,6.371,3.158,3.158,3.158,0,0,0,0,0,0,0,0,0,0
Tamarack,2021,2021-07-08 01:00:00,2021-07-07 18:00:00,2021-07-07 17:00:00,79,78.5,6.092,1.62312229901472,8.913,0.565,1.314,8.913,6.371,3.158,3.158,3.158,0,0,0,0,0,0,0,0,0,0
Tamarack,2021,2021-07-08 02:00:00,2021-07-07 19:00:00,2021-07-07 18:00:00,80,79.5,6.092,1.62312229901472,8.913,0.565,1.314,8.913,6.371,3.158,3.158,3.158,0,0,0,0,0,0,0,0,0,0
Tamarack,2021,2021-07-08 03:00:00,2021-07-07 20:00:00,2021-07-07 19:00:00,81,80.5,6.092,1.62312229901472,8.913,0.565,1.314,8.913,6.371,3.158,3.158,3.158,0,0,0,0,0,0,0,0,0,0
Tamarack,2021,2021-07-08 04:00:00,2021-07-07 21:00:00,2021-07-07 20:00:00,82,81.5,6.092,1.62312229901472,8.913,0.565,1.314,8.913,6.371,3.158,3.158,3.158,0,0,0,0,0,0,0,0,0,0
Tamarack,2021,2021-07-08 05:00:00,2021-07-07 22:00:00,2021-07-07 21:00:00,83,82.5,6.092,1.62312229901472,8.913,0.565,1.314,8.913,6.371,3.158,3.158,3.158,0,0,0,0,0,0,0,0,0,0
Tamarack,2021,2021-07-08 06:00:00,2021-07-07 23:00:00,2021-07-07 22:00:00,84,83.5,6.092,1.62312229901472,8.913,0.565,1.314,8.913,6.371,3.158,3.158,3.158,0,0,0,0,0,0,0,0,0,0
Tamarack,2021,2021-07-08 07:00:00,2021-07-08 00:00:00,2021-07-07 23:00:00,85,84.5,6.092,1.62312229901472,8.913,0.565,1.314,8.913,6.371,3.158,3.158,3.158,0,0,0,0,0,0,0,0,0,0
Tamarack,2021,2021-07-08 08:00:00,2021-07-08 01:00:00,2021-07-08 00:00:00,86,85.5,6.092,1.62312229901472,8.913,0.565,1.314,8.913,6.371,3.158,3.158,3.158,0,0,0,0,0,0,0,0,0,0
Tamarack,2021,2021-07-08 09:00:00,2021-07-08 02:00:00,2021-07-08 01:00:00,87,86.5,6.092,1.62312229901472,8.913,0.565,1.314,8.913,6.371,3.158,3.158,3.158,0,0,0,0,0,0,0,0,0,0
Tamarack,2021,2021-07-08 10:00:00,2021-07-08 03:00:00,2021-07-08 02:00:00,88,87.5,6.092,1.62312229901472,8.913,0.565,1.314,8.913,6.371,3.158,3.158,3.158,0,0,0,0,0,0,0,0,0,0
Tamarack,2021,2021-07-08 11:00:00,2021-07-08 04:00:00,2021-07-08 03:00:00,89,88.5,6.092,1.62312229901472,8.913,0.565,1.314,8.913,6.371,3.158,3.158,3.158,0,0,0,0,0,0,0,0,0,0
Tamarack,2021,2021-07-08 12:00:00,2021-07-08 05:00:00,2021-07-08 04:00:00,90,89.5,6.092,1.62312229901472,8.913,0.565,1.314,8.913,6.371,3.158,3.158,3.158,0,0,0,0,0,0,0,0,0,0
Tamarack,2021,2021-07-08 13:00:00,2021-07-08 06:00:00,2021-07-08 05:00:00,91,90.5,6.092,1.62312229901472,8.913,0.565,1.314,8.913,6.371,3.158,3.158,3.158,0,0,0,0,0,0,0,0,0,0
Tamarack,2021,2021-07-08 14:00:00,2021-07-08 07:00:00,2021-07-08 06:00:00,92,91.5,6.092,1.62312229901472,8.913,0.565,1.314,8.913,6.371,3.158,3.158,3.158,0,0,0,0,0,0,0,0,0,0
Tamarack,2021,2021-07-08 15:00:00,2021-07-08 08:00:00,2021-07-08 07:00:00,93,92.5,6.092,1.62312229901472,8.913,0.565,1.314,8.913,6.371,3.158,3.158,3.158,0,0,0,0,0,0,0,0,0,0
Tamarack,2021,2021-07-08 16:00:00,2021-07-08 09:00:00,2021-07-08 08:00:00,94,93.5,6.092,1.62312229901472,8.913,0.565,1.314,8.913,6.371,3.158,3.158,3.158,0,0,0,0,0,0,0,0,0,0
Tamarack,2021,2021-07-08 17:00:00,2021-07-08 10:00:00,2021-07-08 09:00:00,95,94.5,6.092,1.62312229901472,8.913,0.565,1.314,8.913,6.371,3.158,3.158,3.158,0,0,0,0,0,0,0,0,0,0
Tamarack,2021,2021-07-08 18:00:00,2021-07-08 11:00:00,2021-07-08 10:00:00,96,95.5,6.092,1.62312229901472,8.913,0.565,1.314,8.913,6.371,3.158,3.158,3.158,0,0,0,0,0,0,0,0,0,0
Tamarack,2021,2021-07-08 19:00:00,2021-07-08 12:00:00,2021-07-08 11:00:00,97,96.5,6.092,1.62312229901472,8.913,0.565,1.314,8.913,6.371,3.158,3.158,3.158,0,0,0,0,0,0,0,0,0,0
Tamarack,2021,2021-07-08 20:00:00,2021-07-08 13:00:00,2021-07-08 12:00:00,98,97.5,6.092,1.62312229901472,8.913,0.565,1.314,8.913,6.371,3.158,3.158,3.158,0,0,0,0,0,0,0,0,0,0
Tamarack,2021,2021-07-08 21:00:00,2021-07-08 14:00:00,2021-07-08 13:00:00,99,98.5,6.092,1.62312229901472,8.913,0.565,1.314,8.913,6.371,3.158,3.158,3.158,0,0,0,0,0,0,0,0,0,0
Tamarack,2021,2021-07-08 22:00:00,2021-07-08 15:00:00,2021-07-08 14:00:00,100,99.5,6.092,1.62312229901472,8.913,0.565,1.314,8.913,6.371,3.158,3.158,3.158,0,0,0,0,0,0,0,0,0,0
Tamarack,2021,2021-07-08 23:00:00,2021-07-08 16:00:00,2021-07-08 15:00:00,101,100.5,6.092,1.62312229901472,8.913,0.565,1.314,8.913,6.371,3.158,3.158,3.158,0,0,0,0,0,0,0,0,0,0
Tamarack,2021,2021-07-09 00:00:00,2021-07-08 17:00:00,2021-07-08 16:00:00,102,101.5,6.092,1.62312229901472,8.913,0.565,1.314,8.913,6.371,3.158,3.158,3.158,0,0,0,0,0,0,0,0,0,0
Tamarack,2021,2021-07-09 01:00:00,2021-07-08 18:00:00,2021-07-08 17:00:00,103,102.5,6.092,1.62312229901472,8.913,0.565,1.314,8.913,6.371,3.158,3.158,3.158,0,0,0,0,0,0,0,0,0,0
Tamarack,2021,2021-07-09 02:00:00,2021-07-08 19:00:00,2021-07-08 18:00:00,104,103.5,6.092,1.62312229901472,8.913,0.565,1.314,8.913,6.371,3.158,3.158,3.158,0,0,0,0,0,0,0,0,0,0
Tamarack,2021,2021-07-09 03:00:00,2021-07-08 20:00:00,2021-07-08 19:00:00,105,104.5,6.092,1.62312229901472,8.913,0.565,1.314,8.913,6.371,3.158,3.158,3.158,0,0,0,0,0,0,0,0,0,0
Tamarack,2021,2021-07-09 04:00:00,2021-07-08 21:00:00,2021-07-08 20:00:00,106,105.5,6.092,1.62312229901472,8.913,0.565,1.314,8.913,6.371,3.158,3.158,3.158,0,0,0,0,0,0,0,0,0,0
Tamarack,2021,2021-07-09 05:00:00,2021-07-08 22:00:00,2021-07-08 21:00:00,107,106.5,6.092,1.62312229901472,8.913,0.565,1.314,8.913,6.371,3.158,3.158,3.158,0,0,0,0,0,0,0,0,0,0
Tamarack,2021,2021-07-09 06:00:00,2021-07-08 23:00:00,2021-07-08 22:00:00,108,107.5,6.092,1.62312229901472,8.913,0.565,1.314,8.913,6.371,3.158,3.158,3.158,0,0,0,0,0,0,0,0,0,0
Tamarack,2021,2021-07-09 07:00:00,2021-07-09 00:00:00,2021-07-08 23:00:00,109,108.5,6.092,1.62312229901472,8.913,0.565,1.314,8.913,6.371,3.158,3.158,3.158,0,0,0,0,0,0,0,0,0,0
Tamarack,2021,2021-07-09 08:00:00,2021-07-09 01:00:00,2021-07-09 00:00:00,110,109.5,6.092,1.62312229901472,8.913,0.565,1.314,8.913,6.371,3.158,3.158,3.158,0,0,0,0,0,0,0,0,0,0
Tamarack,2021,2021-07-09 09:00:00,2021-07-09 02:00:00,2021-07-09 01:00:00,111,110.5,6.092,1.62312229901472,8.913,0.565,1.314,8.913,6.371,3.158,3.158,3.158,0,0,0,0,0,0,0,0,0,0
Tamarack,2021,2021-07-09 10:00:00,2021-07-09 03:00:00,2021-07-09 02:00:00,112,111.5,6.092,1.62312229901472,8.913,0.565,1.314,8.913,6.371,3.158,3.158,3.158,0,0,0,0,0,0,0,0,0,0
Tamarack,2021,2021-07-09 11:00:00,2021-07-09 04:00:00,2021-07-09 03:00:00,113,112.5,6.092,1.62312229901472,8.913,0.565,1.314,8.913,6.371,3.158,3.158,3.158,0,0,0,0,0,0,0,0,0,0
Tamarack,2021,2021-07-09 12:00:00,2021-07-09 05:00:00,2021-07-09 04:00:00,114,113.5,6.092,1.62312229901472,8.913,0.565,1.314,8.913,6.371,3.158,3.158,3.158,0,0,0,0,0,0,0,0,0,0
Tamarack,2021,2021-07-09 13:00:00,2021-07-09 06:00:00,2021-07-09 05:00:00,115,114.5,6.092,1.62312229901472,8.913,0.565,1.314,8.913,6.371,3.158,3.158,3.158,0,0,0,0,0,0,0,0,0,0
Tamarack,2021,2021-07-09 14:00:00,2021-07-09 07:00:00,2021-07-09 06:00:00,116,115.5,6.092,1.62312229901472,8.913,0.565,1.314,8.913,6.371,3.158,3.158,3.158,0,0,0,0,0,0,0,0,0,0
Tamarack,2021,2021-07-09 15:00:00,2021-07-09 08:00:00,2021-07-09 07:00:00,117,116.5,6.092,1.62312229901472,8.913,0.565,1.314,8.913,6.371,3.158,3.158,3.158,0,0,0,0,0,0,0,0,0,0
Tamarack,2021,2021-07-09 16:00:00,2021-07-09 09:00:00,2021-07-09 08:00:00,118,117.5,6.092,1.62312229901472,8.913,0.565,1.314,8.913,6.371,3.158,3.158,3.158,0,0,0,0,0,0,0,0,0,0
Tamarack,2021,2021-07-09 17:00:00,2021-07-09 10:00:00,2021-07-09 09:00:00,119,118.5,6.092,1.62312229901472,8.913,0.565,1.314,8.913,6.371,3.158,3.158,3.158,0,0,0,0,0,0,0,0,0,0
Tamarack,2021,2021-07-09 18:00:00,2021-07-09 11:00:00,2021-07-09 10:00:00,120,119.5,6.092,1.62312229901472,8.913,0.565,1.314,8.913,6.371,3.158,3.158,3.158,0,0,0,0,0,0,0,0,0,0
Tamarack,2021,2021-07-09 19:00:00,2021-07-09 12:00:00,2021-07-09 11:00:00,121,120.5,6.092,1.62312229901472,8.913,0.565,1.314,8.913,6.371,3.158,3.158,3.158,0,0,0,0,0,0,0,0,0,0
Tamarack,2021,2021-07-09 20:00:00,2021-07-09 13:00:00,2021-07-09 12:00:00,122,121.5,6.092,1.62312229901472,8.913,0.565,1.314,8.913,6.371,3.158,3.158,3.158,0,0,0,0,0,0,0,0,0,0
Tamarack,2021,2021-07-09 21:00:00,2021-07-09 14:00:00,2021-07-09 13:00:00,123,122.5,6.092,1.62312229901472,8.913,0.565,1.314,8.913,6.371,3.158,3.158,3.158,0,0,0,0,0,0,0,0,0,0
Tamarack,2021,2021-07-09 22:00:00,2021-07-09 15:00:00,2021-07-09 14:00:00,124,123.5,6.092,1.62312229901472,8.913,0.565,1.314,8.913,6.371,3.158,3.158,3.158,0,0,0,0,0,0,0,0,0,0
Tamarack,2021,2021-07-09 23:00:00,2021-07-09 16:00:00,2021-07-09 15:00:00,125,124.5,6.092,1.62312229901472,8.913,0.565,1.314,8.913,6.371,3.158,3.158,3.158,0,0,0,0,0,0,0,0,0,0
Tamarack,2021,2021-07-10 00:00:00,2021-07-09 17:00:00,2021-07-09 16:00:00,126,125.5,6.092,1.62312229901472,8.913,0.565,1.314,8.913,6.371,3.158,3.158,3.158,0,0,0,0,0,0,0,0,0,0
Tamarack,2021,2021-07-10 01:00:00,2021-07-09 18:00:00,2021-07-09 17:00:00,127,126.5,6.092,1.62312229901472,8.913,0.565,1.314,8.913,6.371,3.158,3.158,3.158,0,0,0,0,0,0,0,0,0,0
Tamarack,2021,2021-07-10 02:00:00,2021-07-09 19:00:00,2021-07-09 18:00:00,128,127.5,6.092,1.62312229901472,8.913,0.565,1.314,8.913,6.371,3.158,3.158,3.158,0,0,0,0,0,0,0,0,0,0
Tamarack,2021,2021-07-10 03:00:00,2021-07-09 20:00:00,2021-07-09 19:00:00,129,128.5,6.092,1.62312229901472,8.913,0.565,1.314,8.913,6.371,3.158,3.158,3.158,0,0,0,0,0,0,0,0,0,0
Tamarack,2021,2021-07-10 04:00:00,2021-07-09 21:00:00,2021-07-09 20:00:00,130,129.5,6.092,1.62312229901472,8.913,0.565,1.314,8.913,6.371,3.158,3.158,3.158,0,0,0,0,0,0,0,0,0,0
Tamarack,2021,2021-07-10 05:00:00,2021-07-09 22:00:00,2021-07-09 21:00:00,131,130.5,6.092,1.62312229901472,8.913,0.565,1.314,8.913,6.371,3.158,3.158,3.158,0,0,0,0,0,0,0,0,0,0
Tamarack,2021,2021-07-10 06:00:00,2021-07-09 23:00:00,2021-07-09 22:00:00,132,131.5,6.092,1.62312229901472,8.913,0.565,1.314,8.913,6.371,3.158,3.158,3.158,0,0,0,0,0,0,0,0,0,0
Tamarack,2021,2021-07-10 07:00:00,2021-07-10 00:00:00,2021-07-09 23:00:00,133,132.5,6.092,1.62312229901472,8.913,0.565,1.314,8.913,6.371,3.158,3.158,3.158,0,0,0,0,0,0,0,0,0,0
Tamarack,2021,2021-07-10 08:00:00,2021-07-10 01:00:00,2021-07-10 00:00:00,134,133.5,6.092,1.62312229901472,8.913,0.565,1.314,8.913,6.371,3.158,3.158,3.158,0,0,0,0,0,0,0,0,0,0
Tamarack,2021,2021-07-10 09:00:00,2021-07-10 02:00:00,2021-07-10 01:00:00,135,134.5,6.092,1.62312229901472,8.913,0.565,1.314,8.913,6.371,3.158,3.158,3.158,0,0,0,0,0,0,0,0,0,0
Tamarack,2021,2021-07-10 10:00:00,2021-07-10 03:00:00,2021-07-10 02:00:00,136,135.5,6.092,1.62312229901472,8.913,0.565,1.314,8.913,6.371,3.158,3.158,3.158,0,0,0,0,0,0,0,0,0,0
Tamarack,2021,2021-07-10 11:00:00,2021-07-10 04:00:00,2021-07-10 03:00:00,137,136.5,6.092,1.62312229901472,8.913,0.565,1.314,8.913,6.371,3.158,3.158,3.158,0,0,0,0,0,0,0,0,0,0
Tamarack,2021,2021-07-10 12:00:00,2021-07-10 05:00:00,2021-07-10 04:00:00,138,137.5,6.092,1.62312229901472,8.913,0.565,1.314,8.913,6.371,3.158,3.158,3.158,0,0,0,0,0,0,0,0,0,0
Tamarack,2021,2021-07-10 13:00:00,2021-07-10 06:00:00,2021-07-10 05:00:00,139,138.5,6.092,1.62312229901472,8.913,0.565,1.314,8.913,6.371,3.158,3.158,3.158,0,0,0,0,0,0,0,0,0,0
Tamarack,2021,2021-07-10 14:00:00,2021-07-10 07:00:00,2021-07-10 06:00:00,140,139.5,6.092,1.62312229901472,8.913,0.565,1.314,8.913,6.371,3.158,3.158,3.158,0,0,0,0,0,0,0,0,0,0
Tamarack,2021,2021-07-10 15:00:00,2021-07-10 08:00:00,2021-07-10 07:00:00,141,140.5,6.092,1.62312229901472,8.913,0.565,1.314,8.913,6.371,3.158,3.158,3.158,0,0,0,0,0,0,0,0,0,0
Tamarack,2021,2021-07-10 16:00:00,2021-07-10 09:00:00,2021-07-10 08:00:00,142,141.5,6.092,1.62312229901472,8.913,0.565,1.314,8.913,6.371,3.158,3.158,3.158,0,0,0,0,0,0,0,0,0,0
Tamarack,2021,2021-07-10 17:00:00,2021-07-10 10:00:00,2021-07-10 09:00:00,143,142.5,6.092,1.62312229901472,8.913,0.565,1.314,8.913,6.371,3.158,3.158,3.158,0,0,0,0,0,0,0,0,0,0
Tamarack,2021,2021-07-10 18:00:00,2021-07-10 11:00:00,2021-07-10 10:00:00,144,143.5,6.092,1.62312229901472,8.913,0.565,1.314,8.913,6.371,3.158,3.158,3.158,0,0,0,0,0,0,0,0,0,0
Tamarack,2021,2021-07-10 19:00:00,2021-07-10 12:00:00,2021-07-10 11:00:00,145,144.5,6.092,1.62312229901472,8.913,0.565,1.314,8.913,6.371,3.158,3.158,3.158,0,0,0,0,0,0,0,0,0,0
Tamarack,2021,2021-07-10 20:00:00,2021-07-10 13:00:00,2021-07-10 12:00:00,146,145.5,6.092,1.62312229901472,8.913,0.565,1.314,8.913,6.371,3.158,3.158,3.158,0,0,0,0,0,0,0,0,0,0
Tamarack,2021,2021-07-10 21:00:00,2021-07-10 14:00:00,2021-07-10 13:00:00,147,146.5,6.092,1.62312229901472,8.913,0.565,1.314,8.913,6.371,3.158,3.158,3.158,0,0,0,0,0,0,0,0,0,0
Tamarack,2021,2021-07-10 22:00:00,2021-07-10 15:00:00,2021-07-10 14:00:00,148,147.5,6.092,1.62312229901472,8.913,0.565,1.314,8.913,6.371,3.158,3.158,3.158,0,0,0,0,0,0,0,0,0,0
Tamarack,2021,2021-07-10 23:00:00,2021-07-10 16:00:00,2021-07-10 15:00:00,149,148.5,6.092,1.62312229901472,8.913,0.565,1.314,8.913,6.371,3.158,3.158,3.158,0,0,0,0,0,0,0,0,0,0
Tamarack,2021,2021-07-11 00:00:00,2021-07-10 17:00:00,2021-07-10 16:00:00,150,149.5,6.092,1.62312229901472,8.913,0.565,1.314,8.913,6.371,3.158,3.158,3.158,0,0,0,0,0,0,0,0,0,0
Tamarack,2021,2021-07-11 01:00:00,2021-07-10 18:00:00,2021-07-10 17:00:00,151,150.5,6.092,1.62312229901472,8.913,0.565,1.314,8.913,6.371,3.158,3.158,3.158,0,0,0,0,0,0,0,0,0,0
Tamarack,2021,2021-07-11 02:00:00,2021-07-10 19:00:00,2021-07-10 18:00:00,152,151.5,6.092,1.62312229901472,8.913,0.565,1.314,8.913,6.371,3.158,3.158,3.158,0,0,0,0,0,0,0,0,0,0
Tamarack,2021,2021-07-11 03:00:00,2021-07-10 20:00:00,2021-07-10 19:00:00,153,152.5,6.092,1.62312229901472,8.913,0.565,1.314,8.913,6.371,3.158,3.158,3.158,0,0,0,0,0,0,0,0,0,0
Tamarack,2021,2021-07-11 04:00:00,2021-07-10 21:00:00,2021-07-10 20:00:00,154,153.5,6.092,1.62312229901472,8.913,0.565,1.314,8.913,6.371,3.158,3.158,3.158,0,0,0,0,0,0,0,0,0,0
Tamarack,2021,2021-07-11 05:00:00,2021-07-10 22:00:00,2021-07-10 21:00:00,155,154.5,6.092,1.62312229901472,8.913,0.565,1.314,8.913,6.371,3.158,3.158,3.158,0,0,0,0,0,0,0,0,0,0
Tamarack,2021,2021-07-11 06:00:00,2021-07-10 23:00:00,2021-07-10 22:00:00,156,155.5,6.092,1.62312229901472,8.913,0.565,1.314,8.913,6.371,3.158,3.158,3.158,0,0,0,0,0,0,0,0,0,0
Tamarack,2021,2021-07-11 07:00:00,2021-07-11 00:00:00,2021-07-10 23:00:00,157,156.5,6.092,1.62312229901472,8.913,0.565,1.314,8.913,6.371,3.158,3.158,3.158,0,0,0,0,0,0,0,0,0,0
Tamarack,2021,2021-07-11 08:00:00,2021-07-11 01:00:00,2021-07-11 00:00:00,158,157.5,6.092,1.62312229901472,8.913,0.565,1.314,8.913,6.371,3.158,3.158,3.158,0,0,0,0,0,0,0,0,0,0
Tamarack,2021,2021-07-11 09:00:00,2021-07-11 02:00:00,2021-07-11 01:00:00,159,158.5,6.092,1.62312229901472,8.913,0.565,1.314,8.913,6.371,3.158,3.158,3.158,0,0,0,0,0,0,0,0,0,0
Tamarack,2021,2021-07-11 10:00:00,2021-07-11 03:00:00,2021-07-11 02:00:00,160,159.5,6.092,1.62312229901472,8.913,0.565,1.314,8.913,6.371,3.158,3.158,3.158,0,0,0,0,0,0,0,0,0,0
Tamarack,2021,2021-07-11 11:00:00,2021-07-11 04:00:00,2021-07-11 03:00:00,161,160.5,6.092,1.62312229901472,8.913,0.565,1.314,8.913,6.371,3.158,3.158,3.158,0,0,0,0,0,0,0,0,0,0
Tamarack,2021,2021-07-11 12:00:00,2021-07-11 05:00:00,2021-07-11 04:00:00,162,161.5,6.092,1.62312229901472,8.913,0.565,1.314,8.913,6.371,3.158,3.158,3.158,0,0,0,0,0,0,0,0,0,0
Tamarack,2021,2021-07-11 13:00:00,2021-07-11 06:00:00,2021-07-11 05:00:00,163,162.5,6.092,1.62312229901472,8.913,0.565,1.314,8.913,6.371,3.158,3.158,3.158,0,0,0,0,0,0,0,0,0,0
Tamarack,2021,2021-07-11 14:00:00,2021-07-11 07:00:00,2021-07-11 06:00:00,164,163.5,6.092,1.62312229901472,8.913,0.565,1.314,8.913,6.371,3.158,3.158,3.158,0,0,0,0,0,0,0,0,0,0
Tamarack,2021,2021-07-11 15:00:00,2021-07-11 08:00:00,2021-07-11 07:00:00,165,164.5,6.092,1.62312229901472,8.913,0.565,1.314,8.913,6.371,3.158,3.158,3.158,0,0,0,0,0,0,0,0,0,0
Tamarack,2021,2021-07-11 16:00:00,2021-07-11 09:00:00,2021-07-11 08:00:00,166,165.5,6.092,1.62312229901472,8.913,0.565,1.314,8.913,6.371,3.158,3.158,3.158,0,0,0,0,0,0,0,0,0,0
Tamarack,2021,2021-07-11 17:00:00,2021-07-11 10:00:00,2021-07-11 09:00:00,167,166.5,6.092,1.62312229901472,8.913,0.565,1.314,8.913,6.371,3.158,3.158,3.158,0,0,0,0,0,0,0,0,0,0
Tamarack,2021,2021-07-11 18:00:00,2021-07-11 11:00:00,2021-07-11 10:00:00,168,167.5,6.092,1.62312229901472,8.913,0.565,1.314,8.913,6.371,3.158,3.158,3.158,0,0,0,0,0,0,0,0,0,0
Tamarack,2021,2021-07-11 19:00:00,2021-07-11 12:00:00,2021-07-11 11:00:00,169,168.5,6.092,1.62312229901472,8.913,0.565,1.314,8.913,6.371,3.158,3.158,3.158,0,0,0,0,0,0,0,0,0,0
Tamarack,2021,2021-07-11 20:00:00,2021-07-11 13:00:00,2021-07-11 12:00:00,170,169.5,6.092,1.62312229901472,8.913,0.565,1.314,8.913,6.371,3.158,3.158,3.158,0,0,0,0,0,0,0,0,0,0
Tamarack,2021,2021-07-11 21:00:00,2021-07-11 14:00:00,2021-07-11 13:00:00,171,170.5,6.092,1.62312229901472,8.913,0.565,1.314,8.913,6.371,3.158,3.158,3.158,0,0,0,0,0,0,0,0,0,0
Tamarack,2021,2021-07-11 22:00:00,2021-07-11 15:00:00,2021-07-11 14:00:00,172,171.5,6.092,1.62312229901472,8.913,0.565,1.314,8.913,6.371,3.158,3.158,3.158,0,0,0,0,0,0,0,0,0,0
Tamarack,2021,2021-07-11 23:00:00,2021-07-11 16:00:00,2021-07-11 15:00:00,173,172.5,6.092,1.62312229901472,8.913,0.565,1.314,8.913,6.371,3.158,3.158,3.158,0,0,0,0,0,0,0,0,0,0
Tamarack,2021,2021-07-12 00:00:00,2021-07-11 17:00:00,2021-07-11 16:00:00,174,173.5,6.092,1.62312229901472,8.913,0.565,1.314,8.913,6.371,3.158,3.158,3.158,0,0,0,0,0,0,0,0,0,0
Tamarack,2021,2021-07-12 01:00:00,2021-07-11 18:00:00,2021-07-11 17:00:00,175,174.5,6.092,1.62312229901472,8.913,0.565,1.314,8.913,6.371,3.158,3.158,3.158,0,0,0,0,0,0,0,0,0,0
Tamarack,2021,2021-07-12 02:00:00,2021-07-11 19:00:00,2021-07-11 18:00:00,176,175.5,6.092,1.62312229901472,8.913,0.565,1.314,8.913,6.371,3.158,3.158,3.158,0,0,0,0,0,0,0,0,0,0
Tamarack,2021,2021-07-12 03:00:00,2021-07-11 20:00:00,2021-07-11 19:00:00,177,176.5,6.092,1.62312229901472,8.913,0.565,1.314,8.913,6.371,3.158,3.158,3.158,0,0,0,0,0,0,0,0,0,0
Tamarack,2021,2021-07-12 04:00:00,2021-07-11 21:00:00,2021-07-11 20:00:00,178,177.5,6.092,1.62312229901472,8.913,0.565,1.314,8.913,6.371,3.158,3.158,3.158,0,0,0,0,0,0,0,0,0,0
Tamarack,2021,2021-07-12 05:00:00,2021-07-11 22:00:00,2021-07-11 21:00:00,179,178.5,6.092,1.62312229901472,8.913,0.565,1.314,8.913,6.371,3.158,3.158,3.158,0,0,0,0,0,0,0,0,0,0
Tamarack,2021,2021-07-12 06:00:00,2021-07-11 23:00:00,2021-07-11 22:00:00,180,179.5,6.092,1.62312229901472,8.913,0.565,1.314,8.913,6.371,3.158,3.158,3.158,0,0,0,0,0,0,0,0,0,0
Tamarack,2021,2021-07-12 07:00:00,2021-07-12 00:00:00,2021-07-11 23:00:00,181,180.5,6.092,1.62312229901472,8.913,0.565,1.314,8.913,6.371,3.158,3.158,3.158,0,0,0,0,0,0,0,0,0,0
Tamarack,2021,2021-07-12 08:00:00,2021-07-12 01:00:00,2021-07-12 00:00:00,182,181.5,6.092,1.62312229901472,8.913,0.565,1.314,8.913,6.371,3.158,3.158,3.158,0,0,0,0,0,0,0,0,0,0
Tamarack,2021,2021-07-12 09:00:00,2021-07-12 02:00:00,2021-07-12 01:00:00,183,182.5,6.092,1.62312229901472,8.913,0.565,1.314,8.913,6.371,3.158,3.158,3.158,0,0,0,0,0,0,0,0,0,0
Tamarack,2021,2021-07-12 10:00:00,2021-07-12 03:00:00,2021-07-12 02:00:00,184,183.5,6.092,1.62312229901472,8.913,0.565,1.314,8.913,6.371,3.158,3.158,3.158,0,0,0,0,0,0,0,0,0,0
Tamarack,2021,2021-07-12 11:00:00,2021-07-12 04:00:00,2021-07-12 03:00:00,185,184.5,6.092,1.62312229901472,8.913,0.565,1.314,8.913,6.371,3.158,3.158,3.158,0,0,0,0,0,0,0,0,0,0
Tamarack,2021,2021-07-12 12:00:00,2021-07-12 05:00:00,2021-07-12 04:00:00,186,185.5,6.092,1.62312229901472,8.913,0.565,1.314,8.913,6.371,3.158,3.158,3.158,0,0,0,0,0,0,0,0,0,0
Tamarack,2021,2021-07-12 13:00:00,2021-07-12 06:00:00,2021-07-12 05:00:00,187,186.5,6.092,1.62312229901472,8.913,0.565,1.314,8.913,6.371,3.158,3.158,3.158,0,0,0,0,0,0,0,0,0,0
Tamarack,2021,2021-07-12 14:00:00,2021-07-12 07:00:00,2021-07-12 06:00:00,188,187.5,6.092,1.62312229901472,8.913,0.565,1.314,8.913,6.371,3.158,3.158,3.158,0,0,0,0,0,0,0,0,0,0
Tamarack,2021,2021-07-12 15:00:00,2021-07-12 08:00:00,2021-07-12 07:00:00,189,188.5,6.092,1.62312229901472,8.913,0.565,1.314,8.913,6.371,3.158,3.158,3.158,0,0,0,0,0,0,0,0,0,0
Tamarack,2021,2021-07-12 16:00:00,2021-07-12 09:00:00,2021-07-12 08:00:00,190,189.5,6.092,1.62312229901472,8.913,0.565,1.314,8.913,6.371,3.158,3.158,3.158,0,0,0,0,0,0,0,0,0,0
Tamarack,2021,2021-07-12 17:00:00,2021-07-12 10:00:00,2021-07-12 09:00:00,191,190.5,6.092,1.62312229901472,8.913,0.565,1.314,8.913,6.371,3.158,3.158,3.158,0,0,0,0,0,0,0,0,0,0
Tamarack,2021,2021-07-12 18:00:00,2021-07-12 11:00:00,2021-07-12 10:00:00,192,191.5,6.092,1.62312229901472,8.913,0.565,1.314,8.913,6.371,3.158,3.158,3.158,0,0,0,0,0,0,0,0,0,0
Tamarack,2021,2021-07-12 19:00:00,2021-07-12 12:00:00,2021-07-12 11:00:00,193,192.5,6.092,1.62312229901472,8.913,0.565,1.314,8.913,6.371,3.158,3.158,3.158,0,0,0,0,0,0,0,0,0,0
Tamarack,2021,2021-07-12 20:00:00,2021-07-12 13:00:00,2021-07-12 12:00:00,194,193.5,6.092,1.62312229901472,8.913,0.565,1.314,8.913,6.371,3.158,3.158,3.158,0,0,0,0,0,0,0,0,0,0
Tamarack,2021,2021-07-12 21:00:00,2021-07-12 14:00:00,2021-07-12 13:00:00,195,194.5,6.092,1.62312229901472,8.913,0.565,1.314,8.913,6.371,3.158,3.158,3.158,0,0,0,0,0,0,0,0,0,0
Tamarack,2021,2021-07-12 22:00:00,2021-07-12 15:00:00,2021-07-12 14:00:00,196,195.5,6.092,1.62312229901472,8.913,0.565,1.314,8.913,6.371,3.158,3.158,3.158,0,0,0,0,0,0,0,0,0,0
Tamarack,2021,2021-07-12 23:00:00,2021-07-12 16:00:00,2021-07-12 15:00:00,197,196.5,6.092,1.62312229901472,8.913,0.565,1.314,8.913,6.371,3.158,3.158,3.158,0,0,0,0,0,0,0,0,0,0
Tamarack,2021,2021-07-13 00:00:00,2021-07-12 17:00:00,2021-07-12 16:00:00,198,197.5,6.092,1.62312229901472,8.913,0.565,1.314,8.913,6.371,3.158,3.158,3.158,0,0,0,0,0,0,0,0,0,0
Tamarack,2021,2021-07-13 01:00:00,2021-07-12 18:00:00,2021-07-12 17:00:00,199,198.5,6.092,1.62312229901472,8.913,0.565,1.314,8.913,6.371,3.158,3.158,3.158,0,0,0,0,0,0,0,0,0,0
Tamarack,2021,2021-07-13 02:00:00,2021-07-12 19:00:00,2021-07-12 18:00:00,200,199.5,6.092,1.62312229901472,8.913,0.565,1.314,8.913,6.371,3.158,3.158,3.158,0,0,0,0,0,0,0,0,0,0
Tamarack,2021,2021-07-13 03:00:00,2021-07-12 20:00:00,2021-07-12 19:00:00,201,200.5,6.092,1.62312229901472,8.913,0.565,1.314,8.913,6.371,3.158,3.158,3.158,0,0,0,0,0,0,0,0,0,0
Tamarack,2021,2021-07-13 04:00:00,2021-07-12 21:00:00,2021-07-12 20:00:00,202,201.5,6.092,1.62312229901472,8.913,0.565,1.314,8.913,6.371,3.158,3.158,3.158,0,0,0,0,0,0,0,0,0,0
Tamarack,2021,2021-07-13 05:00:00,2021-07-12 22:00:00,2021-07-12 21:00:00,203,202.5,6.092,1.62312229901472,8.913,0.565,1.314,8.913,6.371,3.158,3.158,3.158,0,0,0,0,0,0,0,0,0,0
Tamarack,2021,2021-07-13 06:00:00,2021-07-12 23:00:00,2021-07-12 22:00:00,204,203.5,6.092,1.62312229901472,8.913,0.565,1.314,8.913,6.371,3.158,3.158,3.158,0,0,0,0,0,0,0,0,0,0
Tamarack,2021,2021-07-13 07:00:00,2021-07-13 00:00:00,2021-07-12 23:00:00,205,204.5,6.092,1.62312229901472,8.913,0.565,1.314,8.913,6.371,3.158,3.158,3.158,0,0,0,0,0,0,0,0,0,0
Tamarack,2021,2021-07-13 08:00:00,2021-07-13 01:00:00,2021-07-13 00:00:00,206,205.5,6.092,1.62312229901472,8.913,0.565,1.314,8.913,6.371,3.158,3.158,3.158,0,0,0,0,0,0,0,0,0,0
Tamarack,2021,2021-07-13 09:00:00,2021-07-13 02:00:00,2021-07-13 01:00:00,207,206.5,6.092,1.62312229901472,8.913,0.565,1.314,8.913,6.371,3.158,3.158,3.158,0,0,0,0,0,0,0,0,0,0
Tamarack,2021,2021-07-13 10:00:00,2021-07-13 03:00:00,2021-07-13 02:00:00,208,207.5,6.092,1.62312229901472,8.913,0.565,1.314,8.913,6.371,3.158,3.158,3.158,0,0,0,0,0,0,0,0,0,0
Tamarack,2021,2021-07-13 11:00:00,2021-07-13 04:00:00,2021-07-13 03:00:00,209,208.5,6.092,1.62312229901472,8.913,0.565,1.314,8.913,6.371,3.158,3.158,3.158,0,0,0,0,0,0,0,0,0,0
Tamarack,2021,2021-07-13 12:00:00,2021-07-13 05:00:00,2021-07-13 04:00:00,210,209.5,6.092,1.62312229901472,8.913,0.565,1.314,8.913,6.371,3.158,3.158,3.158,0,0,0,0,0,0,0,0,0,0
Tamarack,2021,2021-07-13 13:00:00,2021-07-13 06:00:00,2021-07-13 05:00:00,211,210.5,6.092,1.62312229901472,8.913,0.565,1.314,8.913,6.371,3.158,3.158,3.158,0,0,0,0,0,0,0,0,0,0
Tamarack,2021,2021-07-13 14:00:00,2021-07-13 07:00:00,2021-07-13 06:00:00,212,211.5,6.092,1.62312229901472,8.913,0.565,1.314,8.913,6.371,3.158,3.158,3.158,0,0,0,0,0,0,0,0,0,0
Tamarack,2021,2021-07-13 15:00:00,2021-07-13 08:00:00,2021-07-13 07:00:00,213,212.5,6.092,1.62312229901472,8.913,0.565,1.314,8.913,6.371,3.158,3.158,3.158,0,0,0,0,0,0,0,0,0,0
Tamarack,2021,2021-07-13 16:00:00,2021-07-13 09:00:00,2021-07-13 08:00:00,214,213.5,6.092,1.62312229901472,8.913,0.565,1.314,8.913,6.371,3.158,3.158,3.158,0,0,0,0,0,0,0,0,0,0
Tamarack,2021,2021-07-13 17:00:00,2021-07-13 10:00:00,2021-07-13 09:00:00,215,214.5,6.092,1.62312229901472,8.913,0.565,1.314,8.913,6.371,3.158,3.158,3.158,0,0,0,0,0,0,0,0,0,0
Tamarack,2021,2021-07-13 18:00:00,2021-07-13 11:00:00,2021-07-13 10:00:00,216,215.5,6.092,1.62312229901472,8.913,0.565,1.314,8.913,6.371,3.158,3.158,3.158,0,0,0,0,0,0,0,0,0,0
Tamarack,2021,2021-07-13 19:00:00,2021-07-13 12:00:00,2021-07-13 11:00:00,217,216.5,6.092,1.62312229901472,8.913,0.565,1.314,8.913,6.371,3.158,3.158,3.158,0,0,0,0,0,0,0,0,0,0
Tamarack,2021,2021-07-13 20:00:00,2021-07-13 13:00:00,2021-07-13 12:00:00,218,217.5,6.092,1.62312229901472,8.913,0.565,1.314,8.913,6.371,3.158,3.158,3.158,0,0,0,0,0,0,0,0,0,0
Tamarack,2021,2021-07-13 21:00:00,2021-07-13 14:00:00,2021-07-13 13:00:00,219,218.5,6.092,1.62312229901472,8.913,0.565,1.314,8.913,6.371,3.158,3.158,3.158,0,0,0,0,0,0,0,0,0,0
Tamarack,2021,2021-07-13 22:00:00,2021-07-13 15:00:00,2021-07-13 14:00:00,220,219.5,6.092,1.62312229901472,8.913,0.565,1.314,8.913,6.371,3.158,3.158,3.158,0,0,0,0,0,0,0,0,0,0
Tamarack,2021,2021-07-13 23:00:00,2021-07-13 16:00:00,2021-07-13 15:00:00,221,220.5,6.092,1.62312229901472,8.913,0.565,1.314,8.913,6.371,3.158,3.158,3.158,0,0,0,0,0,0,0,0,0,0
Tamarack,2021,2021-07-14 00:00:00,2021-07-13 17:00:00,2021-07-13 16:00:00,222,221.5,6.092,1.62312229901472,8.913,0.565,1.314,8.913,6.371,3.158,3.158,3.158,0,0,0,0,0,0,0,0,0,0
Tamarack,2021,2021-07-14 01:00:00,2021-07-13 18:00:00,2021-07-13 17:00:00,223,222.5,6.092,1.62312229901472,8.913,0.565,1.314,8.913,6.371,3.158,3.158,3.158,0,0,0,0,0,0,0,0,0,0
Tamarack,2021,2021-07-14 02:00:00,2021-07-13 19:00:00,2021-07-13 18:00:00,224,223.5,6.092,1.62312229901472,8.913,0.565,1.314,8.913,6.371,3.158,3.158,3.158,0,0,0,0,0,0,0,0,0,0
Tamarack,2021,2021-07-14 03:00:00,2021-07-13 20:00:00,2021-07-13 19:00:00,225,224.5,6.092,1.62312229901472,8.913,0.565,1.314,8.913,6.371,3.158,3.158,3.158,0,0,0,0,0,0,0,0,0,0
Tamarack,2021,2021-07-14 04:00:00,2021-07-13 21:00:00,2021-07-13 20:00:00,226,225.5,6.092,1.62312229901472,8.913,0.565,1.314,8.913,6.371,3.158,3.158,3.158,0,0,0,0,0,0,0,0,0,0
Tamarack,2021,2021-07-14 05:00:00,2021-07-13 22:00:00,2021-07-13 21:00:00,227,226.5,6.092,1.62312229901472,8.913,0.565,1.314,8.913,6.371,3.158,3.158,3.158,0,0,0,0,0,0,0,0,0,0
Tamarack,2021,2021-07-14 06:00:00,2021-07-13 23:00:00,2021-07-13 22:00:00,228,227.5,6.092,1.62312229901472,8.913,0.565,1.314,8.913,6.371,3.158,3.158,3.158,0,0,0,0,0,0,0,0,0,0
Tamarack,2021,2021-07-14 07:00:00,2021-07-14 00:00:00,2021-07-13 23:00:00,229,228.5,6.092,1.62312229901472,8.913,0.565,1.314,8.913,6.371,3.158,3.158,3.158,0,0,0,0,0,0,0,0,0,0
Tamarack,2021,2021-07-14 08:00:00,2021-07-14 01:00:00,2021-07-14 00:00:00,230,229.5,6.092,1.62312229901472,8.913,0.565,1.314,8.913,6.371,3.158,3.158,3.158,0,0,0,0,0,0,0,0,0,0
Tamarack,2021,2021-07-14 09:00:00,2021-07-14 02:00:00,2021-07-14 01:00:00,231,230.5,6.092,1.62312229901472,8.913,0.565,1.314,8.913,6.371,3.158,3.158,3.158,0,0,0,0,0,0,0,0,0,0
Tamarack,2021,2021-07-14 10:00:00,2021-07-14 03:00:00,2021-07-14 02:00:00,232,231.5,6.092,1.62312229901472,8.913,0.565,1.314,8.913,6.371,3.158,3.158,3.158,0,0,0,0,0,0,0,0,0,0
Tamarack,2021,2021-07-14 11:00:00,2021-07-14 04:00:00,2021-07-14 03:00:00,233,232.5,6.092,1.62312229901472,8.913,0.565,1.314,8.913,6.371,3.158,3.158,3.158,0,0,0,0,0,0,0,0,0,0
Tamarack,2021,2021-07-14 12:00:00,2021-07-14 05:00:00,2021-07-14 04:00:00,234,233.5,6.092,1.62312229901472,8.913,0.565,1.314,8.913,6.371,3.158,3.158,3.158,0,0,0,0,0,0,0,0,0,0
Tamarack,2021,2021-07-14 13:00:00,2021-07-14 06:00:00,2021-07-14 05:00:00,235,234.5,6.092,1.62312229901472,8.913,0.565,1.314,8.913,6.371,3.158,3.158,3.158,0,0,0,0,0,0,0,0,0,0
Tamarack,2021,2021-07-14 14:00:00,2021-07-14 07:00:00,2021-07-14 06:00:00,236,235.5,6.092,1.62312229901472,8.913,0.565,1.314,8.913,6.371,3.158,3.158,3.158,0,0,0,0,0,0,0,0,0,0
Tamarack,2021,2021-07-14 15:00:00,2021-07-14 08:00:00,2021-07-14 07:00:00,237,236.5,6.092,1.62312229901472,8.913,0.565,1.314,8.913,6.371,3.158,3.158,3.158,0,0,0,0,0,0,0,0,0,0
Tamarack,2021,2021-07-14 16:00:00,2021-07-14 09:00:00,2021-07-14 08:00:00,238,237.5,6.092,1.62312229901472,8.913,0.565,1.314,8.913,6.371,3.158,3.158,3.158,0,0,0,0,0,0,0,0,0,0
Tamarack,2021,2021-07-14 17:00:00,2021-07-14 10:00:00,2021-07-14 09:00:00,239,238.5,6.092,1.62312229901472,8.913,0.565,1.314,8.913,6.371,3.158,3.158,3.158,0,0,0,0,0,0,0,0,0,0
Tamarack,2021,2021-07-14 18:00:00,2021-07-14 11:00:00,2021-07-14 10:00:00,240,239.5,6.092,1.62312229901472,8.913,0.565,1.314,8.913,6.371,3.158,3.158,3.158,0,0,0,0,0,0,0,0,0,0
Tamarack,2021,2021-07-14 19:00:00,2021-07-14 12:00:00,2021-07-14 11:00:00,241,240.5,6.092,1.62312229901472,8.913,0.565,1.314,8.913,6.371,3.158,3.158,3.158,0,0,0,0,0,0,0,0,0,0
Tamarack,2021,2021-07-14 20:00:00,2021-07-14 13:00:00,2021-07-14 12:00:00,242,241.5,6.092,1.62312229901472,8.913,0.565,1.314,8.913,6.371,3.158,3.158,3.158,0,0,0,0,0,0,0,0,0,0
Tamarack,2021,2021-07-14 21:00:00,2021-07-14 14:00:00,2021-07-14 13:00:00,243,242.5,6.092,1.62312229901472,8.913,0.565,1.314,8.913,6.371,3.158,3.158,3.158,0,0,0,0,0,0,0,0,0,0
Tamarack,2021,2021-07-14 22:00:00,2021-07-14 15:00:00,2021-07-14 14:00:00,244,243.5,6.092,1.62312229901472,8.913,0.565,1.314,8.913,6.371,3.158,3.158,3.158,0,0,0,0,0,0,0,0,0,0
Tamarack,2021,2021-07-14 23:00:00,2021-07-14 16:00:00,2021-07-14 15:00:00,245,244.5,6.092,1.62312229901472,8.913,0.565,1.314,8.913,6.371,3.158,3.158,3.158,0,0,0,0,0,0,0,0,0,0
Tamarack,2021,2021-07-15 00:00:00,2021-07-14 17:00:00,2021-07-14 16:00:00,246,245.5,6.092,1.62312229901472,8.913,0.565,1.314,8.913,6.371,3.158,3.158,3.158,0,0,0,0,0,0,0,0,0,0
Tamarack,2021,2021-07-15 01:00:00,2021-07-14 18:00:00,2021-07-14 17:00:00,247,246.5,6.092,1.62312229901472,8.913,0.565,1.314,8.913,6.371,3.158,3.158,3.158,0,0,0,0,0,0,0,0,0,0
Tamarack,2021,2021-07-15 02:00:00,2021-07-14 19:00:00,2021-07-14 18:00:00,248,247.5,6.092,1.62312229901472,8.913,0.565,1.314,8.913,6.371,3.158,3.158,3.158,0,0,0,0,0,0,0,0,0,0
Tamarack,2021,2021-07-15 03:00:00,2021-07-14 20:00:00,2021-07-14 19:00:00,249,248.5,6.092,1.62312229901472,8.913,0.565,1.314,8.913,6.371,3.158,3.158,3.158,0,0,0,0,0,0,0,0,0,0
Tamarack,2021,2021-07-15 04:00:00,2021-07-14 21:00:00,2021-07-14 20:00:00,250,249.5,6.092,1.62312229901472,8.913,0.565,1.314,8.913,6.371,3.158,3.158,3.158,0,0,0,0,0,0,0,0,0,0
Tamarack,2021,2021-07-15 05:00:00,2021-07-14 22:00:00,2021-07-14 21:00:00,251,250.5,6.092,1.62312229901472,8.913,0.565,1.314,8.913,6.371,3.158,3.158,3.158,0,0,0,0,0,0,0,0,0,0
Tamarack,2021,2021-07-15 06:00:00,2021-07-14 23:00:00,2021-07-14 22:00:00,252,251.5,6.092,1.62312229901472,8.913,0.565,1.314,8.913,6.371,3.158,3.158,3.158,0,0,0,0,0,0,0,0,0,0
Tamarack,2021,2021-07-15 07:00:00,2021-07-15 00:00:00,2021-07-14 23:00:00,253,252.5,6.092,1.62312229901472,8.913,0.565,1.314,8.913,6.371,3.158,3.158,3.158,0,0,0,0,0,0,0,0,0,0
Tamarack,2021,2021-07-15 08:00:00,2021-07-15 01:00:00,2021-07-15 00:00:00,254,253.5,6.092,1.62312229901472,8.913,0.565,1.314,8.913,6.371,3.158,3.158,3.158,0,0,0,0,0,0,0,0,0,0
Tamarack,2021,2021-07-15 09:00:00,2021-07-15 02:00:00,2021-07-15 01:00:00,255,254.5,6.092,1.62312229901472,8.913,0.565,1.314,8.913,6.371,3.158,3.158,3.158,0,0,0,0,0,0,0,0,0,0
Tamarack,2021,2021-07-15 10:00:00,2021-07-15 03:00:00,2021-07-15 02:00:00,256,255.5,6.092,1.62312229901472,8.913,0.565,1.314,8.913,6.371,3.158,3.158,3.158,0,0,0,0,0,0,0,0,0,0
Tamarack,2021,2021-07-15 11:00:00,2021-07-15 04:00:00,2021-07-15 03:00:00,257,256.5,6.092,1.62312229901472,8.913,0.565,1.314,8.913,6.371,3.158,3.158,3.158,0,0,0,0,0,0,0,0,0,0
Tamarack,2021,2021-07-15 12:00:00,2021-07-15 05:00:00,2021-07-15 04:00:00,258,257.5,6.092,1.62312229901472,8.913,0.565,1.314,8.913,6.371,3.158,3.158,3.158,0,0,0,0,0,0,0,0,0,0
Tamarack,2021,2021-07-15 13:00:00,2021-07-15 06:00:00,2021-07-15 05:00:00,259,258.5,6.092,1.62312229901472,8.913,0.565,1.314,8.913,6.371,3.158,3.158,3.158,0,0,0,0,0,0,0,0,0,0
Tamarack,2021,2021-07-15 14:00:00,2021-07-15 07:00:00,2021-07-15 06:00:00,260,259.5,6.092,1.62312229901472,8.913,0.565,1.314,8.913,6.371,3.158,3.158,3.158,0,0,0,0,0,0,0,0,0,0
Tamarack,2021,2021-07-15 15:00:00,2021-07-15 08:00:00,2021-07-15 07:00:00,261,260.5,6.092,1.62312229901472,8.913,0.565,1.314,8.913,6.371,3.158,3.158,3.158,0,0,0,0,0,0,0,0,0,0
Tamarack,2021,2021-07-15 16:00:00,2021-07-15 09:00:00,2021-07-15 08:00:00,262,261.5,6.092,1.62312229901472,8.913,0.565,1.314,8.913,6.371,3.158,3.158,3.158,0,0,0,0,0,0,0,0,0,0
Tamarack,2021,2021-07-15 17:00:00,2021-07-15 10:00:00,2021-07-15 09:00:00,263,262.5,6.092,1.62312229901472,8.913,0.565,1.314,8.913,6.371,3.158,3.158,3.158,0,0,0,0,0,0,0,0,0,0
Tamarack,2021,2021-07-15 18:00:00,2021-07-15 11:00:00,2021-07-15 10:00:00,264,263.5,6.092,1.62312229901472,8.913,0.565,1.314,8.913,6.371,3.158,3.158,3.158,0,0,0,0,0,0,0,0,0,0
Tamarack,2021,2021-07-15 19:00:00,2021-07-15 12:00:00,2021-07-15 11:00:00,265,264.5,6.092,1.62312229901472,8.913,0.565,1.314,8.913,6.371,3.158,3.158,3.158,0,0,0,0,0,0,0,0,0,0
Tamarack,2021,2021-07-15 20:00:00,2021-07-15 13:00:00,2021-07-15 12:00:00,266,265.5,6.092,1.62312229901472,8.913,0.565,1.314,8.913,6.371,3.158,3.158,3.158,0,0,0,0,0,0,0,0,0,0
Tamarack,2021,2021-07-15 21:00:00,2021-07-15 14:00:00,2021-07-15 13:00:00,267,266.5,6.092,1.62312229901472,8.913,0.565,1.314,8.913,6.371,3.158,3.158,3.158,0,0,0,0,0,0,0,0,0,0
Tamarack,2021,2021-07-15 22:00:00,2021-07-15 15:00:00,2021-07-15 14:00:00,268,267.5,6.092,1.62312229901472,8.913,0.565,1.314,8.913,6.371,3.158,3.158,3.158,0,0,0,0,0,0,0,0,0,0
Tamarack,2021,2021-07-15 23:00:00,2021-07-15 16:00:00,2021-07-15 15:00:00,269,268.5,6.092,1.62312229901472,8.913,0.565,1.314,8.913,6.371,3.158,3.158,3.158,0,0,0,0,0,0,0,0,0,0
Tamarack,2021,2021-07-16 00:00:00,2021-07-15 17:00:00,2021-07-15 16:00:00,270,269.5,6.092,1.62312229901472,8.913,0.565,1.314,8.913,6.371,3.158,3.158,3.158,0,0,0,0,0,0,0,0,0,0
Tamarack,2021,2021-07-16 01:00:00,2021-07-15 18:00:00,2021-07-15 17:00:00,271,270.5,6.092,1.62312229901472,8.913,0.565,1.314,8.913,6.371,3.158,3.158,3.158,0,0,0,0,0,0,0,0,0,0
Tamarack,2021,2021-07-16 02:00:00,2021-07-15 19:00:00,2021-07-15 18:00:00,272,271.5,6.092,1.62312229901472,8.913,0.565,1.314,8.913,6.371,3.158,3.158,3.158,0,0,0,0,0,0,0,0,0,0
Tamarack,2021,2021-07-16 03:00:00,2021-07-15 20:00:00,2021-07-15 19:00:00,273,272.5,6.092,1.62312229901472,8.913,0.565,1.314,8.913,6.371,3.158,3.158,3.158,0,0,0,0,0,0,0,0,0,0
Tamarack,2021,2021-07-16 04:00:00,2021-07-15 21:00:00,2021-07-15 20:00:00,274,273.5,6.092,1.62312229901472,8.913,0.565,1.314,8.913,6.371,3.158,3.158,3.158,0,0,0,0,0,0,0,0,0,0
Tamarack,2021,2021-07-16 05:00:00,2021-07-15 22:00:00,2021-07-15 21:00:00,275,274.5,6.092,1.62312229901472,8.913,0.565,1.314,8.913,6.371,3.158,3.158,3.158,0,0,0,0,0,0,0,0,0,0
Tamarack,2021,2021-07-16 06:00:00,2021-07-15 23:00:00,2021-07-15 22:00:00,276,275.5,6.092,1.62312229901472,8.913,0.565,1.314,8.913,6.371,3.158,3.158,3.158,0,0,0,0,0,0,0,0,0,0
Tamarack,2021,2021-07-16 07:00:00,2021-07-16 00:00:00,2021-07-15 23:00:00,277,276.5,6.092,1.62312229901472,8.913,0.565,1.314,8.913,6.371,3.158,3.158,3.158,0,0,0,0,0,0,0,0,0,0
Tamarack,2021,2021-07-16 08:00:00,2021-07-16 01:00:00,2021-07-16 00:00:00,278,277.5,6.092,1.62312229901472,8.913,0.565,1.314,8.913,6.371,3.158,3.158,3.158,0,0,0,0,0,0,0,0,0,0
Tamarack,2021,2021-07-16 09:00:00,2021-07-16 02:00:00,2021-07-16 01:00:00,279,278.5,6.092,1.62312229901472,8.913,0.565,1.314,8.913,6.371,3.158,3.158,3.158,0,0,0,0,0,0,0,0,0,0
Tamarack,2021,2021-07-16 10:00:00,2021-07-16 03:00:00,2021-07-16 02:00:00,280,279.5,6.092,1.62312229901472,8.913,0.565,1.314,8.913,6.371,3.158,3.158,3.158,0,0,0,0,0,0,0,0,0,0
Tamarack,2021,2021-07-16 11:00:00,2021-07-16 04:00:00,2021-07-16 03:00:00,281,280.5,6.092,1.62312229901472,8.913,0.565,1.314,8.913,6.371,3.158,3.158,3.158,0,0,0,0,0,0,0,0,0,0
Tamarack,2021,2021-07-16 12:00:00,2021-07-16 05:00:00,2021-07-16 04:00:00,282,281.5,6.092,1.62312229901472,8.913,0.565,1.314,8.913,6.371,3.158,3.158,3.158,0,0,0,0,0,0,0,0,0,0
Tamarack,2021,2021-07-16 13:00:00,2021-07-16 06:00:00,2021-07-16 05:00:00,283,282.5,6.092,1.62312229901472,8.913,0.565,1.314,8.913,6.371,3.158,3.158,3.158,0,0,0,0,0,0,0,0,0,0
Tamarack,2021,2021-07-16 14:00:00,2021-07-16 07:00:00,2021-07-16 06:00:00,284,283.5,6.092,1.62312229901472,8.913,0.565,1.314,8.913,6.371,3.158,3.158,3.158,0,0,0,0,0,0,0,0,0,0
Tamarack,2021,2021-07-16 15:00:00,2021-07-16 08:00:00,2021-07-16 07:00:00,285,284.5,6.092,1.62312229901472,8.913,0.565,1.314,8.913,6.371,3.158,3.158,3.158,0,0,0,0,0,0,0,0,0,0
Tamarack,2021,2021-07-16 16:00:00,2021-07-16 09:00:00,2021-07-16 08:00:00,286,285.5,6.092,1.62312229901472,8.913,0.565,1.314,8.913,6.371,3.158,3.158,3.158,0,0,0,0,0,0,0,0,0,0
Tamarack,2021,2021-07-16 17:00:00,2021-07-16 10:00:00,2021-07-16 09:00:00,287,286.5,6.092,1.62312229901472,8.913,0.565,1.314,8.913,6.371,3.158,3.158,3.158,0,0,0,0,0,0,0,0,0,0
Tamarack,2021,2021-07-16 18:00:00,2021-07-16 11:00:00,2021-07-16 10:00:00,288,287.5,6.092,1.62312229901472,8.913,0.565,1.314,8.913,6.371,3.158,3.158,3.158,0,0,0,0,0,0,0,0,0,0
Tamarack,2021,2021-07-16 19:00:00,2021-07-16 12:00:00,2021-07-16 11:00:00,289,288.5,6.092,1.62312229901472,8.913,0.565,1.314,8.913,6.371,3.158,3.158,3.158,0,0,0,0,0,0,0,0,0,0
Tamarack,2021,2021-07-16 20:00:00,2021-07-16 13:00:00,2021-07-16 12:00:00,290,289.5,6.092,1.62312229901472,8.913,0.565,1.314,8.913,6.371,3.158,3.158,3.158,0,0,0,0,0,0,0,0,0,0
Tamarack,2021,2021-07-16 21:00:00,2021-07-16 14:00:00,2021-07-16 13:00:00,291,290.5,6.092,1.62312229901472,8.913,0.565,1.314,8.913,6.371,3.158,3.158,3.158,0,0,0,0,0,0,0,0,0,0
Tamarack,2021,2021-07-16 22:00:00,2021-07-16 15:00:00,2021-07-16 14:00:00,292,291.5,7.161,1.90794136297512,12.742,3.829,3.829,3.829,3.829,3.829,3.829,3.817,1,1,1,1,1,1,1,1.069,0.671,1.892
Tamarack,2021,2021-07-16 23:00:00,2021-07-16 16:00:00,2021-07-16 15:00:00,293,292.5,22.136,5.89780617383288,23.842,9.829,14.929,14.929,14.929,14.929,14.814,3.817,1,1,1,1,1,1,0,14.975,2.348,3.911
Tamarack,2021,2021-07-17 00:00:00,2021-07-16 17:00:00,2021-07-16 16:00:00,294,293.5,27.716,7.38451372939791,26.701,12.473,17.788,17.788,17.788,17.788,15.788,3.375,1,1,1,1,1,1,1,5.58,2.037,0.568
Tamarack,2021,2021-07-17 01:00:00,2021-07-16 18:00:00,2021-07-16 17:00:00,295,294.5,37.734,10.0536600182242,30.24,9.922,21.326,21.326,21.326,21.326,16.954,9.257,1,1,1,1,1,1,1,10.018,1.855,0.803
Tamarack,2021,2021-07-17 02:00:00,2021-07-16 19:00:00,2021-07-16 18:00:00,296,295.5,45.831,12.2109845840682,33.599,11.679,24.686,24.686,24.686,21.972,15.084,9.937,1,1,1,1,1,1,1,8.097,2.18,0.816
Tamarack,2021,2021-07-17 03:00:00,2021-07-16 20:00:00,2021-07-16 19:00:00,297,296.5,65.125,17.351582357737,39.991,13.53,31.077,31.077,31.077,24.916,18.626,16.035,1,1,1,1,1,1,1,19.294,2.898,1.652
Tamarack,2021,2021-07-17 04:00:00,2021-07-16 21:00:00,2021-07-16 20:00:00,298,297.5,67,17.8511480686124,40.4,5.992,29.878,29.044,27.179,22.613,17.03,11.235,1,1,1,1,1,1,1,1.875,0.424,0.139
Tamarack,2021,2021-07-17 05:00:00,2021-07-16 22:00:00,2021-07-16 21:00:00,299,298.5,67.156,17.8927119357572,40.456,7.273,26.655,25.856,24.214,22.411,18.568,15.359,0,1,1,1,1,1,1,0.156,0.092,0.026
Tamarack,2021,2021-07-17 06:00:00,2021-07-16 23:00:00,2021-07-16 22:00:00,300,299.5,67.156,17.8927119357572,40.456,7.273,26.808,25.983,24.409,22.713,18.917,13.919,1,1,1,1,1,1,1,0,0,0
Tamarack,2021,2021-07-17 07:00:00,2021-07-17 00:00:00,2021-07-16 23:00:00,301,300.5,71.557,19.0652925723238,40.517,5.505,28.347,27.154,21.962,19.811,17.741,12.817,1,1,1,1,1,1,1,4.401,1.596,0.605
Tamarack,2021,2021-07-17 08:00:00,2021-07-17 01:00:00,2021-07-17 00:00:00,302,301.5,75.44,20.0998598551659,41.159,5.43,23.861,22.978,21.456,19.857,18.075,9.171,0,1,1,1,1,1,1,3.883,1.664,0.705
Tamarack,2021,2021-07-17 09:00:00,2021-07-17 02:00:00,2021-07-17 01:00:00,303,302.5,75.44,20.0998598551659,41.159,5.43,27.61,26.732,23.112,13.414,8.739,5.615,0,1,1,1,1,1,1,0,0,0
Tamarack,2021,2021-07-17 10:00:00,2021-07-17 03:00:00,2021-07-17 02:00:00,304,303.5,75.44,20.0998598551659,41.159,5.43,26.225,24.996,16.828,10.385,8.274,5.615,0,1,1,1,1,1,1,0,0,0
Tamarack,2021,2021-07-17 11:00:00,2021-07-17 04:00:00,2021-07-17 03:00:00,305,304.5,75.44,20.0998598551659,41.159,5.43,20.296,18.575,15.387,9.664,7.86,5.529,0,1,1,1,1,1,1,0,0,0
Tamarack,2021,2021-07-17 12:00:00,2021-07-17 05:00:00,2021-07-17 04:00:00,306,305.5,75.44,20.0998598551659,41.159,5.43,20.193,18.37,15.285,9.559,7.711,5.427,1,1,1,1,1,1,1,0,0,0
Tamarack,2021,2021-07-17 13:00:00,2021-07-17 06:00:00,2021-07-17 05:00:00,307,306.5,77.837,20.738504659949,41.922,4.876,14.374,12.218,10.544,8.893,7.005,5.238,0,1,1,1,1,1,1,2.397,0.922,0.441
Tamarack,2021,2021-07-17 14:00:00,2021-07-17 07:00:00,2021-07-17 06:00:00,308,307.5,77.837,20.738504659949,41.922,4.876,14.292,12.14,10.095,8.094,3.506,1.145,1,1,1,1,1,1,1,0,0,0
Tamarack,2021,2021-07-17 15:00:00,2021-07-17 08:00:00,2021-07-17 07:00:00,309,308.5,78.162,20.825096049834,42.155,5.695,11.372,9.797,8.265,5.86,1.406,1.145,0,1,1,1,1,1,0,0.325,0.248,0.067
Tamarack,2021,2021-07-17 16:00:00,2021-07-17 09:00:00,2021-07-17 08:00:00,310,309.5,78.162,20.825096049834,42.155,5.695,11.933,9.797,8.265,5.86,1.972,1.145,1,1,1,1,1,1,0,0,0,0
Tamarack,2021,2021-07-17 17:00:00,2021-07-17 10:00:00,2021-07-17 09:00:00,311,310.5,81.885,21.8170337253481,44.094,12.249,16.986,14.871,13.323,11.294,8.605,1.012,1,1,1,1,1,1,1,3.723,1.728,0.654
Tamarack,2021,2021-07-17 18:00:00,2021-07-17 11:00:00,2021-07-17 10:00:00,312,311.5,88.914,23.6898056622776,44.479,6.691,30.931,30.131,28.506,23.399,18.433,2.358,1,1,1,1,1,1,1,7.029,1.333,0.574
Tamarack,2021,2021-07-17 19:00:00,2021-07-17 12:00:00,2021-07-17 11:00:00,313,312.5,89.934,23.9615694089938,45.237,11.701,36.323,36.323,36.323,32.898,23.15,4.244,1,1,1,1,1,1,1,1.02,0.652,0.152
Tamarack,2021,2021-07-17 20:00:00,2021-07-17 13:00:00,2021-07-17 12:00:00,314,313.5,95.199,25.3643499251318,48.01,8.616,39.073,39.073,39.073,39.073,30.843,16.687,1,1,1,1,1,1,1,5.265,1.886,0.45
Tamarack,2021,2021-07-17 21:00:00,2021-07-17 14:00:00,2021-07-17 13:00:00,315,314.5,101.086,26.9328530397574,48.325,24.388,39.388,39.388,39.388,39.388,37.353,18.584,1,1,1,1,1,1,1,5.887,1.342,0.683
Tamarack,2021,2021-07-17 22:00:00,2021-07-17 15:00:00,2021-07-17 14:00:00,316,315.5,116.348,30.9991847087598,50.671,22.033,44.915,43.872,41.137,41.137,36.429,15.765,1,1,1,1,1,1,1,15.262,2.047,0.626
Tamarack,2021,2021-07-17 23:00:00,2021-07-17 16:00:00,2021-07-17 15:00:00,317,316.5,119.924,31.9519564325413,51.677,10.858,47.231,45.782,41.887,41.887,38.353,16.437,1,1,1,1,1,1,1,3.576,0.719,0.162
Tamarack,2021,2021-07-18 00:00:00,2021-07-17 17:00:00,2021-07-17 16:00:00,318,317.5,131.24,34.9669354108162,52.247,15.22,47.801,46.352,42.456,42.456,36.429,18.965,1,1,1,1,1,1,1,11.316,2.166,1.042
Tamarack,2021,2021-07-18 01:00:00,2021-07-17 18:00:00,2021-07-17 17:00:00,319,318.5,135.345,36.0606512738259,54.101,14.959,54.101,53.965,47.144,33.255,22.482,4.968,1,1,1,1,1,1,1,4.105,0.802,0.27
Tamarack,2021,2021-07-18 02:00:00,2021-07-17 19:00:00,2021-07-17 18:00:00,320,319.5,142.214,37.8907936034274,56.643,21.483,55.188,53.597,43.127,32.428,21.986,9.524,1,1,1,1,1,1,1,6.869,1.994,0.459
Tamarack,2021,2021-07-18 03:00:00,2021-07-17 20:00:00,2021-07-17 19:00:00,321,320.5,161.884,43.131570954317,58.329,18.029,45.164,42.117,34.819,30.819,19.852,12.948,1,1,1,1,1,1,1,19.67,3.338,0.916
Tamarack,2021,2021-07-18 04:00:00,2021-07-17 21:00:00,2021-07-17 20:00:00,322,321.5,173.02,46.0985916243479,54.997,10.817,41.742,38.97,32.145,26.774,16.174,7.773,0,1,1,1,1,1,1,11.136,2.045,0.618
Tamarack,2021,2021-07-18 05:00:00,2021-07-17 22:00:00,2021-07-17 21:00:00,323,322.5,173.02,46.0985916243479,54.997,10.817,33.287,31.108,27.189,21.978,13.488,4.915,0,1,1,1,1,1,1,0,0,0
Tamarack,2021,2021-07-18 06:00:00,2021-07-17 23:00:00,2021-07-17 22:00:00,324,323.5,173.02,46.0985916243479,54.997,10.817,26.205,23.886,20.937,16.813,12.227,4.539,1,1,1,1,1,1,1,0,0,0
Tamarack,2021,2021-07-18 07:00:00,2021-07-18 00:00:00,2021-07-17 23:00:00,325,324.5,175.61,46.7886583929704,55.405,9.955,30.937,29.325,25.74,20.828,10.817,8.634,0,1,1,1,1,1,1,2.59,0.767,0.239
Tamarack,2021,2021-07-18 08:00:00,2021-07-18 01:00:00,2021-07-18 00:00:00,326,325.5,175.61,46.7886583929704,55.405,9.955,30.143,28.191,24.561,16.79,7.425,5.742,0,1,1,1,1,1,1,0,0,0
Tamarack,2021,2021-07-18 09:00:00,2021-07-18 02:00:00,2021-07-18 01:00:00,327,326.5,175.61,46.7886583929704,55.405,9.955,26.066,24.038,20.548,15.427,9.639,5.742,0,1,1,1,1,1,1,0,0,0
Tamarack,2021,2021-07-18 10:00:00,2021-07-18 03:00:00,2021-07-18 02:00:00,328,327.5,175.61,46.7886583929704,55.405,9.955,25.586,23.835,20.12,15.581,11.002,7.508,1,1,1,1,1,1,1,0,0,0
Tamarack,2021,2021-07-18 11:00:00,2021-07-18 04:00:00,2021-07-18 03:00:00,329,328.5,185.308,49.3725454671406,56.204,8.346,26.166,24.165,20.737,15.269,10.057,6.346,0,1,1,1,1,1,1,9.698,2.259,0.974
Tamarack,2021,2021-07-18 12:00:00,2021-07-18 05:00:00,2021-07-18 04:00:00,330,329.5,185.308,49.3725454671406,56.204,8.346,22.902,20.647,15.38,8.952,2.376,6.346,0,1,1,1,1,1,0,0,0,0
Tamarack,2021,2021-07-18 13:00:00,2021-07-18 06:00:00,2021-07-18 05:00:00,331,330.5,185.308,49.3725454671406,56.204,8.346,26.858,25.174,21.288,11.409,6.715,3.425,0,1,1,1,1,1,1,0,0,0
Tamarack,2021,2021-07-18 14:00:00,2021-07-18 07:00:00,2021-07-18 06:00:00,332,331.5,185.308,49.3725454671406,56.204,8.346,24.626,23.117,19.088,13.835,5.787,1.249,0,1,1,1,1,1,1,0,0,0
Tamarack,2021,2021-07-18 15:00:00,2021-07-18 08:00:00,2021-07-18 07:00:00,333,332.5,185.308,49.3725454671406,56.204,8.346,24.647,22.462,10.981,7.194,3.38,0.039,0,1,1,1,1,1,1,0,0,0
Tamarack,2021,2021-07-18 16:00:00,2021-07-18 09:00:00,2021-07-18 08:00:00,334,333.5,185.308,49.3725454671406,56.204,8.346,14.708,13.027,10.451,8.101,4.624,0.776,1,1,1,1,1,1,1,0,0,0
Tamarack,2021,2021-07-18 17:00:00,2021-07-18 10:00:00,2021-07-18 09:00:00,335,334.5,186.577,49.710651540261,56.221,8.091,17.62,16.351,13.699,10.849,6.212,0.776,1,1,1,1,1,1,0,1.269,0.292,0.152
Tamarack,2021,2021-07-18 18:00:00,2021-07-18 11:00:00,2021-07-18 10:00:00,336,335.5,189.402,50.4633305446465,57.153,16.74,32.035,29.01,22.038,10.948,7.78,1.339,0,1,1,1,1,1,1,2.825,1.429,0.349
Tamarack,2021,2021-07-18 19:00:00,2021-07-18 12:00:00,2021-07-18 11:00:00,337,336.5,189.402,50.4633305446465,57.153,16.74,18.898,15.215,11.187,7.129,3.757,1.339,0,1,1,1,1,1,0,0,0,0
Tamarack,2021,2021-07-18 20:00:00,2021-07-18 13:00:00,2021-07-18 12:00:00,338,337.5,189.402,50.4633305446465,57.153,16.74,27.335,23.565,11.169,9.041,5.681,1.339,1,1,1,1,1,1,0,0,0,0
Tamarack,2021,2021-07-18 21:00:00,2021-07-18 14:00:00,2021-07-18 13:00:00,339,338.5,201.146,53.5923437225239,57.528,5.576,23.739,21.706,15.662,8.267,5.681,1.339,0,1,1,1,1,0,0,11.744,1.993,0.702
Tamarack,2021,2021-07-18 22:00:00,2021-07-18 15:00:00,2021-07-18 14:00:00,340,339.5,201.146,53.5923437225239,57.528,5.576,17.296,13.826,7.457,8.267,5.681,1.339,1,1,1,1,0,0,0,0,0,0
Tamarack,2021,2021-07-18 23:00:00,2021-07-18 16:00:00,2021-07-18 15:00:00,341,340.5,202.229,53.8808928771255,57.726,7.498,13.411,12.05,7.388,8.267,5.681,1.339,0,1,1,1,0,0,0,1.083,0.466,0.194
Tamarack,2021,2021-07-19 00:00:00,2021-07-18 17:00:00,2021-07-18 16:00:00,342,341.5,202.229,53.8808928771255,57.726,7.498,13.411,12.05,7.388,8.267,5.681,1.339,0,0,0,0,0,0,0,0,0,0
Tamarack,2021,2021-07-19 01:00:00,2021-07-18 18:00:00,2021-07-18 17:00:00,343,342.5,202.229,53.8808928771255,57.726,7.498,13.411,12.05,7.388,8.267,5.681,1.339,0,0,0,0,0,0,0,0,0,0
Tamarack,2021,2021-07-19 02:00:00,2021-07-18 19:00:00,2021-07-18 18:00:00,344,343.5,202.229,53.8808928771255,57.726,7.498,13.411,12.05,7.388,8.267,5.681,1.339,0,0,0,0,0,0,0,0,0,0
Tamarack,2021,2021-07-19 03:00:00,2021-07-18 20:00:00,2021-07-18 19:00:00,345,344.5,202.229,53.8808928771255,57.726,7.498,13.411,12.05,7.388,8.267,5.681,1.339,0,0,0,0,0,0,0,0,0,0
Tamarack,2021,2021-07-19 04:00:00,2021-07-18 21:00:00,2021-07-18 20:00:00,346,345.5,202.229,53.8808928771255,57.726,7.498,13.411,12.05,7.388,8.267,5.681,1.339,0,0,0,0,0,0,0,0,0,0
Tamarack,2021,2021-07-19 05:00:00,2021-07-18 22:00:00,2021-07-18 21:00:00,347,346.5,202.229,53.8808928771255,57.726,7.498,8.412,2.005,7.388,8.267,5.681,1.339,0,1,1,0,0,0,0,0,0,0
Tamarack,2021,2021-07-19 06:00:00,2021-07-18 23:00:00,2021-07-18 22:00:00,348,347.5,202.229,53.8808928771255,57.726,7.498,8.412,2.005,7.388,8.267,5.681,1.339,0,0,0,0,0,0,0,0,0,0
Tamarack,2021,2021-07-19 07:00:00,2021-07-19 00:00:00,2021-07-18 23:00:00,349,348.5,202.229,53.8808928771255,57.726,7.498,3.933,2.025,7.388,8.267,5.681,1.339,0,1,1,0,0,0,0,0,0,0
Tamarack,2021,2021-07-19 08:00:00,2021-07-19 01:00:00,2021-07-19 00:00:00,350,349.5,202.229,53.8808928771255,57.726,7.498,3.933,2.025,7.388,8.267,5.681,1.339,0,0,0,0,0,0,0,0,0,0
Tamarack,2021,2021-07-19 09:00:00,2021-07-19 02:00:00,2021-07-19 01:00:00,351,350.5,202.229,53.8808928771255,57.726,7.498,3.933,2.025,7.388,8.267,5.681,1.339,1,0,0,0,0,0,0,0,0,0
Tamarack,2021,2021-07-19 10:00:00,2021-07-19 03:00:00,2021-07-19 02:00:00,352,351.5,203.324,54.1726392522767,58.199,10.449,22.115,18.136,12.327,3.066,5.681,1.339,0,1,1,1,1,0,0,1.095,0.315,0.146
Tamarack,2021,2021-07-19 11:00:00,2021-07-19 04:00:00,2021-07-19 03:00:00,353,352.5,203.324,54.1726392522767,58.199,10.449,11.336,9.236,4.469,3.066,5.681,1.339,0,1,1,1,0,0,0,0,0,0
Tamarack,2021,2021-07-19 12:00:00,2021-07-19 05:00:00,2021-07-19 04:00:00,354,353.5,203.324,54.1726392522767,58.199,10.449,16.093,12.407,4.902,2.327,5.681,1.339,0,1,1,1,1,0,0,0,0,0
Tamarack,2021,2021-07-19 13:00:00,2021-07-19 06:00:00,2021-07-19 05:00:00,355,354.5,203.324,54.1726392522767,58.199,10.449,13.237,11.914,8.782,4.006,5.681,1.339,1,1,1,1,1,0,0,0,0,0
Tamarack,2021,2021-07-19 14:00:00,2021-07-19 07:00:00,2021-07-19 06:00:00,356,355.5,208.491,55.5493091339262,57.699,9.629,14.296,12.686,8.733,4.261,1.665,0.079,0,1,1,1,1,1,1,5.167,1.295,0.494
Tamarack,2021,2021-07-19 15:00:00,2021-07-19 08:00:00,2021-07-19 07:00:00,357,356.5,208.491,55.5493091339262,57.699,9.629,26.099,20.415,12.467,3.796,1.665,0.079,1,1,1,1,1,0,0,0,0,0
Tamarack,2021,2021-07-19 16:00:00,2021-07-19 09:00:00,2021-07-19 08:00:00,358,357.5,210.986,56.2140645731977,58.564,4.466,24.474,21.624,14.745,5.661,2.658,0.648,0,1,1,1,1,1,1,2.495,0.982,0.259
Tamarack,2021,2021-07-19 17:00:00,2021-07-19 10:00:00,2021-07-19 09:00:00,359,358.5,210.986,56.2140645731977,58.564,4.466,22.026,20.179,11.771,4.888,2.093,0.648,0,1,1,1,1,1,0,0,0,0
Tamarack,2021,2021-07-19 18:00:00,2021-07-19 11:00:00,2021-07-19 10:00:00,360,359.5,210.986,56.2140645731977,58.564,4.466,3.852,2.475,11.771,4.888,2.093,0.648,0,1,1,0,0,0,0,0,0,0
Tamarack,2021,2021-07-19 19:00:00,2021-07-19 12:00:00,2021-07-19 11:00:00,361,360.5,210.986,56.2140645731977,58.564,4.466,9.136,8.214,6.187,1.28,2.093,0.648,0,1,1,1,1,0,0,0,0,0
Tamarack,2021,2021-07-19 20:00:00,2021-07-19 13:00:00,2021-07-19 12:00:00,362,361.5,210.986,56.2140645731977,58.564,4.466,8.826,7.671,4.496,1.28,2.093,0.648,0,1,1,1,0,0,0,0,0,0
Tamarack,2021,2021-07-19 21:00:00,2021-07-19 14:00:00,2021-07-19 13:00:00,363,362.5,210.986,56.2140645731977,58.564,4.466,8.826,7.671,4.496,1.28,2.093,0.648,0,0,0,0,0,0,0,0,0,0
Tamarack,2021,2021-07-19 22:00:00,2021-07-19 15:00:00,2021-07-19 14:00:00,364,363.5,210.986,56.2140645731977,58.564,4.466,8.826,7.671,4.496,1.28,2.093,0.648,0,0,0,0,0,0,0,0,0,0
Tamarack,2021,2021-07-19 23:00:00,2021-07-19 16:00:00,2021-07-19 15:00:00,365,364.5,210.986,56.2140645731977,58.564,4.466,8.826,7.671,4.496,1.28,2.093,0.648,1,0,0,0,0,0,0,0,0,0
Tamarack,2021,2021-07-20 00:00:00,2021-07-19 17:00:00,2021-07-19 16:00:00,366,365.5,211.89,56.4549218546011,58.949,4.441,15.168,13.338,8.85,1.28,2.093,0.648,1,1,1,1,0,0,0,0.904,0.321,0.202
Tamarack,2021,2021-07-20 01:00:00,2021-07-19 18:00:00,2021-07-19 17:00:00,367,366.5,212.193,56.5356516734785,59.077,1.176,19.495,16.513,10.931,6.001,2.067,0.648,1,1,1,1,1,1,0,0.303,0.09,0.068
Tamarack,2021,2021-07-20 02:00:00,2021-07-19 19:00:00,2021-07-19 18:00:00,368,367.5,212.22,56.5428454197151,59.08,3.352,22.168,19.024,12.794,5.032,2.067,0.648,1,1,1,1,1,0,0,0.027,0.049,0.023
Tamarack,2021,2021-07-20 03:00:00,2021-07-19 20:00:00,2021-07-19 19:00:00,369,368.5,212.313,56.5676238789745,59.081,16.149,9.821,7.271,12.794,5.032,2.067,0.648,0,1,1,0,0,0,0,0.093,0.049,0.028
Tamarack,2021,2021-07-20 04:00:00,2021-07-19 21:00:00,2021-07-19 20:00:00,370,369.5,212.313,56.5676238789745,59.081,16.149,4.2,2.523,12.794,5.032,2.067,0.648,0,1,1,0,0,0,0,0,0,0
Tamarack,2021,2021-07-20 05:00:00,2021-07-19 22:00:00,2021-07-19 21:00:00,371,370.5,212.313,56.5676238789745,59.081,16.149,18.72,16.646,12.161,4.998,2.067,0.648,0,1,1,1,1,0,0,0,0,0
Tamarack,2021,2021-07-20 06:00:00,2021-07-19 23:00:00,2021-07-19 22:00:00,372,371.5,212.313,56.5676238789745,59.081,16.149,17.885,15.697,10.949,5.103,0.964,0.648,0,1,1,1,1,1,0,0,0,0
Tamarack,2021,2021-07-20 07:00:00,2021-07-20 00:00:00,2021-07-19 23:00:00,373,372.5,212.313,56.5676238789745,59.081,16.149,11.605,9.991,4.518,2.653,0.613,0.648,0,1,1,1,1,1,0,0,0,0
Tamarack,2021,2021-07-20 08:00:00,2021-07-20 01:00:00,2021-07-20 00:00:00,374,373.5,212.313,56.5676238789745,59.081,16.149,6.424,5.798,4.518,2.653,0.613,0.648,0,1,1,1,1,1,0,0,0,0
Tamarack,2021,2021-07-20 09:00:00,2021-07-20 02:00:00,2021-07-20 01:00:00,375,374.5,212.313,56.5676238789745,59.081,16.149,6.424,5.798,4.518,2.653,0.613,0.648,0,1,1,1,1,1,0,0,0,0
Tamarack,2021,2021-07-20 10:00:00,2021-07-20 03:00:00,2021-07-20 02:00:00,376,375.5,212.313,56.5676238789745,59.081,16.149,5.289,4.316,2.113,2.653,0.613,0.648,0,1,1,1,0,0,0,0,0,0
Tamarack,2021,2021-07-20 11:00:00,2021-07-20 04:00:00,2021-07-20 03:00:00,377,376.5,212.313,56.5676238789745,59.081,16.149,5.289,4.316,2.113,2.653,0.613,0.648,0,0,0,0,0,0,0,0,0,0
Tamarack,2021,2021-07-20 12:00:00,2021-07-20 05:00:00,2021-07-20 04:00:00,378,377.5,212.313,56.5676238789745,59.081,16.148,5.289,4.316,2.113,2.653,0.613,0.648,0,0,0,0,0,0,0,0,0,0
Tamarack,2021,2021-07-20 13:00:00,2021-07-20 06:00:00,2021-07-20 05:00:00,379,378.5,212.313,56.5676238789745,59.081,16.149,5.289,4.316,2.113,2.653,0.613,0.648,0,0,0,0,0,0,0,0,0,0
Tamarack,2021,2021-07-20 14:00:00,2021-07-20 07:00:00,2021-07-20 06:00:00,380,379.5,212.313,56.5676238789745,59.081,16.149,5.289,4.316,2.113,2.653,0.613,0.648,0,0,0,0,0,0,0,0,0,0
Tamarack,2021,2021-07-20 15:00:00,2021-07-20 08:00:00,2021-07-20 07:00:00,381,380.5,212.313,56.5676238789745,59.081,16.149,3.492,2.606,2.113,2.653,0.613,0.648,0,1,1,0,0,0,0,0,0,0
Tamarack,2021,2021-07-20 16:00:00,2021-07-20 09:00:00,2021-07-20 08:00:00,382,381.5,212.313,56.5676238789745,59.081,16.149,15.513,14.05,10.771,6.988,2.796,0.648,1,1,1,1,1,1,0,0,0,0
Tamarack,2021,2021-07-20 17:00:00,2021-07-20 10:00:00,2021-07-20 09:00:00,383,382.5,219.044,58.3609981722556,61.204,5.499,27.31,25.29,19.789,14.401,9.649,2.105,1,1,1,1,1,1,1,6.731,1.43,0.417
Tamarack,2021,2021-07-20 18:00:00,2021-07-20 11:00:00,2021-07-20 10:00:00,384,383.5,219.736,58.5453712239493,61.708,11.351,27.814,25.794,20.287,14.952,10.191,2.402,0,1,1,1,1,1,1,0.692,0.401,0.126
Tamarack,2021,2021-07-20 19:00:00,2021-07-20 12:00:00,2021-07-20 11:00:00,385,384.5,219.736,58.5453712239493,61.708,11.351,36.737,32.406,22.14,14.692,10.532,2.005,1,1,1,1,1,1,1,0,0,0
Tamarack,2021,2021-07-20 20:00:00,2021-07-20 13:00:00,2021-07-20 12:00:00,386,385.5,222.851,59.3753163916169,62.844,12.493,43.125,39.631,30.073,16.808,12.246,6.269,1,1,1,1,1,1,1,3.115,0.981,0.274
Tamarack,2021,2021-07-20 21:00:00,2021-07-20 14:00:00,2021-07-20 13:00:00,387,386.5,227.233,60.5428347623133,64.134,15.993,49.533,45.674,34.013,18.877,14.004,7.37,1,1,1,1,1,1,1,4.382,1.138,0.351
Tamarack,2021,2021-07-20 22:00:00,2021-07-20 15:00:00,2021-07-20 14:00:00,388,387.5,230.807,61.4950736160031,64.17,9.028,55.26,52.483,44.023,29.241,14.886,3.884,0,1,1,1,1,1,1,3.574,0.86,0.223
Tamarack,2021,2021-07-20 23:00:00,2021-07-20 16:00:00,2021-07-20 15:00:00,389,388.5,230.807,61.4950736160031,64.17,9.028,62.25,60.27,51.814,27.241,8.433,0.379,1,1,1,1,1,1,1,0,0,0
Tamarack,2021,2021-07-21 00:00:00,2021-07-20 17:00:00,2021-07-20 16:00:00,390,389.5,237.969,63.4032814140241,64.31,11.574,62.39,59.338,51.696,25.964,14.596,1.216,1,1,1,1,1,1,1,7.162,2.144,0.793
Tamarack,2021,2021-07-21 01:00:00,2021-07-20 18:00:00,2021-07-20 17:00:00,391,390.5,244.567,65.1612198462137,65.831,10.086,57.551,53.969,46.214,30.504,16.909,4.072,1,1,1,1,1,1,1,6.598,1.84,0.57
Tamarack,2021,2021-07-21 02:00:00,2021-07-20 19:00:00,2021-07-20 18:00:00,392,391.5,250.061,66.6250139878399,68.349,14.271,45.933,39.111,30.766,22.94,11.723,6.855,1,1,1,1,1,1,1,5.494,1.365,0.545
Tamarack,2021,2021-07-21 03:00:00,2021-07-20 20:00:00,2021-07-20 19:00:00,393,392.5,252.908,67.383554563233,69.416,10.127,45.054,37.326,29.246,17.585,14.304,11.734,1,1,1,1,1,1,1,2.847,0.73,0.199
Tamarack,2021,2021-07-21 04:00:00,2021-07-20 21:00:00,2021-07-20 20:00:00,394,393.5,262.172,69.8518088275259,73.467,11.404,43.369,38.042,29.896,19.27,16.46,11.546,0,1,1,1,1,1,1,9.264,2.716,0.915
Tamarack,2021,2021-07-21 05:00:00,2021-07-20 22:00:00,2021-07-20 21:00:00,395,394.5,262.172,69.8518088275259,73.467,11.404,42.948,38.442,27.902,17.098,14.248,5.767,0,1,1,1,1,1,1,0,0,0
Tamarack,2021,2021-07-21 06:00:00,2021-07-20 23:00:00,2021-07-20 22:00:00,396,395.5,262.172,69.8518088275259,73.467,11.404,35.966,30.925,22.471,11.138,8.412,4.497,0,1,1,1,1,1,1,0,0,0
Tamarack,2021,2021-07-21 07:00:00,2021-07-21 00:00:00,2021-07-20 23:00:00,397,396.5,262.172,69.8518088275259,73.467,11.404,28.362,23.847,14.55,8.467,6.031,2.361,0,1,1,1,1,1,1,0,0,0
Tamarack,2021,2021-07-21 08:00:00,2021-07-21 01:00:00,2021-07-21 00:00:00,398,397.5,262.172,69.8518088275259,73.467,11.404,30.831,26.392,15.967,5.562,6.031,2.361,0,1,1,1,1,0,0,0,0,0
Tamarack,2021,2021-07-21 09:00:00,2021-07-21 02:00:00,2021-07-21 01:00:00,399,398.5,262.172,69.8518088275259,73.467,11.404,24.253,16.721,8.35,5.562,6.031,2.361,0,1,1,1,0,0,0,0,0,0
Tamarack,2021,2021-07-21 10:00:00,2021-07-21 03:00:00,2021-07-21 02:00:00,400,399.5,262.172,69.8518088275259,73.467,11.404,17.844,9.079,4.808,5.562,6.031,2.361,0,1,1,1,0,0,0,0,0,0
Tamarack,2021,2021-07-21 11:00:00,2021-07-21 04:00:00,2021-07-21 03:00:00,401,400.5,262.172,69.8518088275259,73.467,11.404,22.065,12.927,6.542,5.562,6.031,2.361,0,1,1,1,0,0,0,0,0,0
Tamarack,2021,2021-07-21 12:00:00,2021-07-21 05:00:00,2021-07-21 04:00:00,402,401.5,262.172,69.8518088275259,73.467,11.404,17.864,11.162,6.768,5.562,6.031,2.361,0,1,1,1,0,0,0,0,0,0
Tamarack,2021,2021-07-21 13:00:00,2021-07-21 06:00:00,2021-07-21 05:00:00,403,402.5,262.172,69.8518088275259,73.467,11.404,12.971,11.07,6.69,5.562,6.031,2.361,0,1,1,1,0,0,0,0,0,0
Tamarack,2021,2021-07-21 14:00:00,2021-07-21 07:00:00,2021-07-21 06:00:00,404,403.5,262.172,69.8518088275259,73.467,11.404,9.647,2.838,6.69,5.562,6.031,2.361,0,1,1,0,0,0,0,0,0,0
Tamarack,2021,2021-07-21 15:00:00,2021-07-21 08:00:00,2021-07-21 07:00:00,405,404.5,262.172,69.8518088275259,73.467,11.404,9.647,2.838,6.69,5.562,6.031,2.361,0,1,1,0,0,0,0,0,0,0
Tamarack,2021,2021-07-21 16:00:00,2021-07-21 09:00:00,2021-07-21 08:00:00,406,405.5,262.172,69.8518088275259,73.467,11.404,19.666,12.647,8.122,0.864,6.031,2.361,0,1,1,1,1,0,0,0,0,0
Tamarack,2021,2021-07-21 17:00:00,2021-07-21 10:00:00,2021-07-21 09:00:00,407,406.5,262.172,69.8518088275259,73.467,11.404,24.76,18.479,6.879,1.334,6.031,2.361,0,1,1,1,1,0,0,0,0,0
Tamarack,2021,2021-07-21 18:00:00,2021-07-21 11:00:00,2021-07-21 10:00:00,408,407.5,262.172,69.8518088275259,73.467,11.404,36.912,31.562,15.879,10.817,3.07,0.548,0,1,1,1,1,1,1,0,0,0
Tamarack,2021,2021-07-21 19:00:00,2021-07-21 12:00:00,2021-07-21 11:00:00,409,408.5,262.172,69.8518088275259,73.467,11.404,40.079,36.453,21.293,12.296,3.07,0.548,0,1,1,1,1,1,1,0,0,0
Tamarack,2021,2021-07-21 20:00:00,2021-07-21 13:00:00,2021-07-21 12:00:00,410,409.5,262.172,69.8518088275259,73.467,11.404,53.633,47.213,36.031,11.359,3.238,0.007,1,1,1,1,1,1,1,0,0,0
Tamarack,2021,2021-07-21 21:00:00,2021-07-21 14:00:00,2021-07-21 13:00:00,411,410.5,265.533,70.7472970164604,73.75,17.108,56.449,52.577,43.089,26.323,11.521,0.343,1,1,1,1,1,1,1,3.361,1.12,0.295
Tamarack,2021,2021-07-21 22:00:00,2021-07-21 15:00:00,2021-07-21 14:00:00,412,411.5,269.748,71.8703207345081,72.854,8.438,63.086,59.796,51.657,38.393,11.593,1.475,1,1,1,1,1,1,1,4.215,0.931,0.246
Tamarack,2021,2021-07-21 23:00:00,2021-07-21 16:00:00,2021-07-21 15:00:00,413,412.5,273.874,72.9696317334797,73.584,9.387,59.589,55.883,48.037,37.444,14.387,6.734,1,1,1,1,1,1,1,4.126,1.642,0.489
Tamarack,2021,2021-07-22 00:00:00,2021-07-21 17:00:00,2021-07-21 16:00:00,414,413.5,277.645,73.9743582911922,75.625,12.167,64.17,61.389,53.862,38.141,19.367,9.707,1,1,1,1,1,1,1,3.771,1.632,0.402
Tamarack,2021,2021-07-22 01:00:00,2021-07-21 18:00:00,2021-07-21 17:00:00,415,414.5,285.389,76.0376312858688,78.301,18.082,63.75,60.243,47.471,33.856,24.102,15.2,1,1,1,1,1,1,1,7.744,2.18,0.636
Tamarack,2021,2021-07-22 02:00:00,2021-07-21 19:00:00,2021-07-21 18:00:00,416,415.5,291.575,77.6857984791887,78.754,11.429,58.928,52.071,40.536,31.141,18.804,9.562,1,1,1,1,1,1,1,6.186,1.046,0.342
Tamarack,2021,2021-07-22 03:00:00,2021-07-21 20:00:00,2021-07-21 19:00:00,417,416.5,294.509,78.4675189035665,79.733,8.035,53.564,49.738,39.548,27.75,17.093,10.591,1,1,1,1,1,1,1,2.934,0.802,0.257
Tamarack,2021,2021-07-22 04:00:00,2021-07-21 21:00:00,2021-07-21 20:00:00,418,417.5,303.033,80.7386112339673,81.892,6.045,42.686,39.516,32.631,24.9,18.88,11.431,1,1,1,1,1,1,1,8.524,2.265,1.061
Tamarack,2021,2021-07-22 05:00:00,2021-07-21 22:00:00,2021-07-21 21:00:00,419,418.5,307.935,82.0446758284798,83.834,8.679,43.616,39.51,29.436,20.672,13.21,6.373,0,1,1,1,1,1,1,4.902,2.109,0.811
Tamarack,2021,2021-07-22 06:00:00,2021-07-21 23:00:00,2021-07-21 22:00:00,420,419.5,307.935,82.0446758284798,83.834,8.679,43.18,39.107,29.261,20.672,12.164,2.431,0,1,1,1,1,1,1,0,0,0
Tamarack,2021,2021-07-22 07:00:00,2021-07-22 00:00:00,2021-07-21 23:00:00,421,420.5,307.935,82.0446758284798,83.834,8.679,28.99,22.281,11.963,4.535,12.164,2.431,0,1,1,1,1,0,0,0,0,0
Tamarack,2021,2021-07-22 08:00:00,2021-07-22 01:00:00,2021-07-22 00:00:00,422,421.5,307.935,82.0446758284798,83.834,8.679,27.754,26.095,15.576,4.266,1.223,2.431,0,1,1,1,1,1,0,0,0,0
Tamarack,2021,2021-07-22 09:00:00,2021-07-22 02:00:00,2021-07-22 01:00:00,423,422.5,307.935,82.0446758284798,83.834,8.679,30.139,28.552,20.365,12.869,8.245,5.365,0,1,1,1,1,1,1,0,0,0
Tamarack,2021,2021-07-22 10:00:00,2021-07-22 03:00:00,2021-07-22 02:00:00,424,423.5,307.935,82.0446758284798,83.834,8.679,30.139,28.552,20.365,12.869,8.245,5.365,0,1,1,1,1,1,1,0,0,0
Tamarack,2021,2021-07-22 11:00:00,2021-07-22 04:00:00,2021-07-22 03:00:00,425,424.5,307.935,82.0446758284798,83.834,8.679,25.912,23.828,17.065,11.565,8.245,5.365,0,1,1,1,1,1,1,0,0,0
Tamarack,2021,2021-07-22 12:00:00,2021-07-22 05:00:00,2021-07-22 04:00:00,426,425.5,307.935,82.0446758284798,83.834,8.679,13.385,11.899,8.377,4.559,2.746,1.608,0,1,1,1,1,1,1,0,0,0
Tamarack,2021,2021-07-22 13:00:00,2021-07-22 06:00:00,2021-07-22 05:00:00,427,426.5,307.935,82.0446758284798,83.834,8.679,15.383,11.423,6.821,3.243,1.523,1.608,0,1,1,1,1,1,0,0,0,0
Tamarack,2021,2021-07-22 14:00:00,2021-07-22 07:00:00,2021-07-22 06:00:00,428,427.5,307.935,82.0446758284798,83.834,8.679,19.646,17.105,11.141,5.781,1.523,1.608,0,1,1,1,1,1,0,0,0,0
Tamarack,2021,2021-07-22 15:00:00,2021-07-22 08:00:00,2021-07-22 07:00:00,429,428.5,307.935,82.0446758284798,83.834,8.679,7.812,6.149,3.554,5.781,1.523,1.608,0,1,1,1,0,0,0,0,0,0
Tamarack,2021,2021-07-22 16:00:00,2021-07-22 09:00:00,2021-07-22 08:00:00,430,429.5,307.935,82.0446758284798,83.834,8.679,12.944,10.813,6.196,0.223,1.523,1.608,0,1,1,1,1,0,0,0,0,0
Tamarack,2021,2021-07-22 17:00:00,2021-07-22 10:00:00,2021-07-22 09:00:00,431,430.5,307.935,82.0446758284798,83.834,8.679,26.828,24.683,19.052,11.851,7.926,1.597,0,1,1,1,1,1,1,0,0,0
Tamarack,2021,2021-07-22 18:00:00,2021-07-22 11:00:00,2021-07-22 10:00:00,432,431.5,307.935,82.0446758284798,83.834,8.679,38.458,36.217,25.313,19.347,8.549,3.828,0,1,1,1,1,1,1,0,0,0
Tamarack,2021,2021-07-22 19:00:00,2021-07-22 12:00:00,2021-07-22 11:00:00,433,432.5,307.935,82.0446758284798,83.834,8.679,36.051,33.433,27.566,18.916,12.701,7.713,0,1,1,1,1,1,1,0,0,0
Tamarack,2021,2021-07-22 20:00:00,2021-07-22 13:00:00,2021-07-22 12:00:00,434,433.5,307.935,82.0446758284798,83.834,8.679,35.461,31.466,26.462,14.97,10.935,8.507,1,1,1,1,1,1,1,0,0,0
Tamarack,2021,2021-07-22 21:00:00,2021-07-22 14:00:00,2021-07-22 13:00:00,435,434.5,311.794,83.0728486702227,83.547,4.751,44.726,42.316,33.087,23.061,16.961,13.342,0,1,1,1,1,1,1,3.859,1.494,0.445
Tamarack,2021,2021-07-22 22:00:00,2021-07-22 15:00:00,2021-07-22 14:00:00,436,435.5,311.794,83.0728486702227,83.547,4.751,50.723,48.34,41.922,31.849,21.256,11.754,1,1,1,1,1,1,1,0,0,0
Tamarack,2021,2021-07-22 23:00:00,2021-07-22 16:00:00,2021-07-22 15:00:00,437,436.5,311.965,83.1184090630545,83.605,3.927,53.394,51.252,46.873,41.053,31.288,19.753,1,1,1,1,1,1,1,0.171,0.091,0.036
Tamarack,2021,2021-07-23 00:00:00,2021-07-22 17:00:00,2021-07-22 16:00:00,438,437.5,312.106,83.1559764045123,83.63,3.194,43.807,42.477,37.908,28.531,23.021,19.25,1,1,1,1,1,1,1,0.141,0.089,0.036
Tamarack,2021,2021-07-23 01:00:00,2021-07-22 18:00:00,2021-07-22 17:00:00,439,438.5,312.268,83.199138881932,83.551,6.004,47.711,44.763,37.798,22.287,17.809,14.962,0,1,1,1,1,1,1,0.162,0.149,0.051
Tamarack,2021,2021-07-23 02:00:00,2021-07-22 19:00:00,2021-07-22 18:00:00,440,439.5,312.268,83.199138881932,83.551,6.004,42.559,39.541,29.279,15.434,12.404,7.797,0,1,1,1,1,1,1,0,0,0
Tamarack,2021,2021-07-23 03:00:00,2021-07-22 20:00:00,2021-07-22 19:00:00,441,440.5,312.268,83.199138881932,83.551,6.004,33.935,29.035,23.121,14.27,12.136,8.325,0,1,1,1,1,1,1,0,0,0
Tamarack,2021,2021-07-23 04:00:00,2021-07-22 21:00:00,2021-07-22 20:00:00,442,441.5,312.268,83.199138881932,83.551,6.004,17.116,13.676,10.08,7.635,5.4,3.824,0,1,1,1,1,1,1,0,0,0
Tamarack,2021,2021-07-23 05:00:00,2021-07-22 22:00:00,2021-07-22 21:00:00,443,442.5,312.268,83.199138881932,83.551,6.004,11.443,8.943,6.261,4.647,2.347,3.824,0,1,1,1,1,1,0,0,0,0
Tamarack,2021,2021-07-23 06:00:00,2021-07-22 23:00:00,2021-07-22 22:00:00,444,443.5,312.268,83.199138881932,83.551,6.004,17.732,13.667,9.561,5.95,2.347,3.824,0,1,1,1,1,1,0,0,0,0
Tamarack,2021,2021-07-23 07:00:00,2021-07-23 00:00:00,2021-07-22 23:00:00,445,444.5,312.268,83.199138881932,83.551,6.004,16.318,14.068,10.061,6.709,2.347,3.824,0,1,1,1,1,1,0,0,0,0
Tamarack,2021,2021-07-23 08:00:00,2021-07-23 01:00:00,2021-07-23 00:00:00,446,445.5,312.268,83.199138881932,83.551,6.004,16.318,14.068,10.061,6.709,2.347,3.824,0,1,1,1,1,1,0,0,0,0
Tamarack,2021,2021-07-23 09:00:00,2021-07-23 02:00:00,2021-07-23 01:00:00,447,446.5,312.268,83.199138881932,83.551,6.004,10.102,8.478,5.835,2.062,2.347,3.824,0,1,1,1,1,0,0,0,0,0
Tamarack,2021,2021-07-23 10:00:00,2021-07-23 03:00:00,2021-07-23 02:00:00,448,447.5,312.268,83.199138881932,83.551,6.004,13.373,11.398,7.991,6.293,4.696,3.277,0,1,1,1,1,1,1,0,0,0
Tamarack,2021,2021-07-23 11:00:00,2021-07-23 04:00:00,2021-07-23 03:00:00,449,448.5,312.268,83.199138881932,83.551,6.004,15.301,12.726,10.8,9.165,7.464,2.417,0,1,1,1,1,1,1,0,0,0
Tamarack,2021,2021-07-23 12:00:00,2021-07-23 05:00:00,2021-07-23 04:00:00,450,449.5,312.268,83.199138881932,83.551,6.004,12.358,9.726,7.677,5.902,3.993,2.339,0,1,1,1,1,1,1,0,0,0
Tamarack,2021,2021-07-23 13:00:00,2021-07-23 06:00:00,2021-07-23 05:00:00,451,450.5,312.268,83.199138881932,83.551,6.004,6.951,5.994,3.631,5.902,3.993,2.339,1,1,1,1,0,0,0,0,0,0
Tamarack,2021,2021-07-23 14:00:00,2021-07-23 07:00:00,2021-07-23 06:00:00,452,451.5,317.855,84.6877114828176,90.515,6.913,15.212,14.261,12.016,9.465,7.57,4.319,1,1,1,1,1,1,1,5.587,3.294,0.931
Tamarack,2021,2021-07-23 15:00:00,2021-07-23 08:00:00,2021-07-23 07:00:00,453,452.5,324.331,86.4131448394196,90.738,5.141,15.516,14.648,12.421,9.748,3.431,4.319,1,1,1,1,1,1,0,6.476,2.133,0.937
Tamarack,2021,2021-07-23 16:00:00,2021-07-23 09:00:00,2021-07-23 08:00:00,454,453.5,326.471,86.983315837432,92.19,17.796,19.986,17.401,15.586,12.592,6.955,2.868,1,1,1,1,1,1,1,2.14,1.351,0.416
Tamarack,2021,2021-07-23 17:00:00,2021-07-23 10:00:00,2021-07-23 09:00:00,455,454.5,335.521,89.3945530019237,95.656,11.046,25.067,22.758,21.097,18.674,11.272,6.001,1,1,1,1,1,1,1,9.05,2.15,0.509
Tamarack,2021,2021-07-23 18:00:00,2021-07-23 11:00:00,2021-07-23 10:00:00,456,455.5,343.919,91.6320745165536,96.503,13.937,22.623,21.224,17.349,12.756,7.438,3.066,0,1,1,1,1,1,1,8.398,2.508,0.76
Tamarack,2021,2021-07-23 19:00:00,2021-07-23 12:00:00,2021-07-23 11:00:00,457,456.5,343.919,91.6320745165536,96.503,13.937,28.976,25.397,17.505,12.568,6.442,3.066,0,1,1,1,1,1,1,0,0,0
Tamarack,2021,2021-07-23 20:00:00,2021-07-23 13:00:00,2021-07-23 12:00:00,458,457.5,343.919,91.6320745165536,96.503,13.937,32.614,29.696,24.77,14.101,3.472,3.066,0,1,1,1,1,1,0,0,0,0
Tamarack,2021,2021-07-23 21:00:00,2021-07-23 14:00:00,2021-07-23 13:00:00,459,458.5,343.919,91.6320745165536,96.503,13.937,28.102,25.415,21.718,19.988,4.781,1.71,1,1,1,1,1,1,1,0,0,0
Tamarack,2021,2021-07-23 22:00:00,2021-07-23 15:00:00,2021-07-23 14:00:00,460,459.5,353.826,94.271646515296,95.419,8.939,32.696,29.48,21.998,19.875,9.074,3.29,1,1,1,1,1,1,1,9.907,1.321,0.711
Tamarack,2021,2021-07-23 23:00:00,2021-07-23 16:00:00,2021-07-23 15:00:00,461,460.5,357.729,95.3115424990541,96.635,6.439,28.169,24.38,22.055,13.337,6.139,1.456,0,1,1,1,1,1,1,3.903,1.316,0.437
Tamarack,2021,2021-07-24 00:00:00,2021-07-23 17:00:00,2021-07-23 16:00:00,462,461.5,357.729,95.3115424990541,96.635,6.439,23.884,19.953,17.869,13.359,6.014,1.107,0,1,1,1,1,1,1,0,0,0
Tamarack,2021,2021-07-24 01:00:00,2021-07-23 18:00:00,2021-07-23 17:00:00,463,462.5,357.729,95.3115424990541,96.635,6.439,30.864,26.221,21.461,9.597,6.014,1.107,1,1,1,1,1,0,0,0,0,0
Tamarack,2021,2021-07-24 02:00:00,2021-07-23 19:00:00,2021-07-23 18:00:00,464,463.5,362.201,96.5030400238726,96.247,8.568,24.429,21.217,19.527,16.68,12.19,1.107,1,1,1,1,1,1,0,4.472,1.54,0.695
Tamarack,2021,2021-07-24 03:00:00,2021-07-23 20:00:00,2021-07-23 19:00:00,465,464.5,368.563,98.1980997852533,94.762,4.972,26.676,21.885,14.432,10.358,7.768,1.107,0,1,1,1,1,1,0,6.362,1.767,0.743
Tamarack,2021,2021-07-24 04:00:00,2021-07-23 21:00:00,2021-07-23 20:00:00,466,465.5,368.563,98.1980997852533,94.762,4.972,21.066,17.283,12.959,9.778,7.212,1.026,0,1,1,1,1,1,1,0,0,0
Tamarack,2021,2021-07-24 05:00:00,2021-07-23 22:00:00,2021-07-23 21:00:00,467,466.5,368.563,98.1980997852533,94.762,4.972,7.121,6.23,4.308,1.229,7.212,1.026,0,1,1,1,1,0,0,0,0,0
Tamarack,2021,2021-07-24 06:00:00,2021-07-23 23:00:00,2021-07-23 22:00:00,468,467.5,368.563,98.1980997852533,94.762,4.972,20.731,17.284,8.495,1.229,7.212,1.026,0,1,1,1,0,0,0,0,0,0
Tamarack,2021,2021-07-24 07:00:00,2021-07-24 00:00:00,2021-07-23 23:00:00,469,468.5,368.563,98.1980997852533,94.762,4.972,4.543,3.726,1.704,1.229,7.212,1.026,0,1,1,1,0,0,0,0,0,0
Tamarack,2021,2021-07-24 08:00:00,2021-07-24 01:00:00,2021-07-24 00:00:00,470,469.5,368.563,98.1980997852533,94.762,4.972,8.518,5.079,3.125,1.229,7.212,1.026,0,1,1,1,0,0,0,0,0,0
Tamarack,2021,2021-07-24 09:00:00,2021-07-24 02:00:00,2021-07-24 01:00:00,471,470.5,368.563,98.1980997852533,94.762,4.972,8.518,5.079,3.125,1.229,7.212,1.026,0,0,0,0,0,0,0,0,0,0
Tamarack,2021,2021-07-24 10:00:00,2021-07-24 03:00:00,2021-07-24 02:00:00,472,471.5,368.563,98.1980997852533,94.762,4.972,8.518,5.079,3.125,1.229,7.212,1.026,0,0,0,0,0,0,0,0,0,0
Tamarack,2021,2021-07-24 11:00:00,2021-07-24 04:00:00,2021-07-24 03:00:00,473,472.5,368.563,98.1980997852533,94.762,4.972,4.454,3.829,1.875,1.229,7.212,1.026,0,1,1,1,0,0,0,0,0,0
Tamarack,2021,2021-07-24 12:00:00,2021-07-24 05:00:00,2021-07-24 04:00:00,474,473.5,368.563,98.1980997852533,94.762,4.972,4.454,3.829,1.875,1.229,7.212,1.026,0,0,0,0,0,0,0,0,0,0
Tamarack,2021,2021-07-24 13:00:00,2021-07-24 06:00:00,2021-07-24 05:00:00,475,474.5,368.563,98.1980997852533,94.762,4.972,4.454,3.829,1.875,1.229,7.212,1.026,0,0,0,0,0,0,0,0,0,0
Tamarack,2021,2021-07-24 14:00:00,2021-07-24 07:00:00,2021-07-24 06:00:00,476,475.5,368.563,98.1980997852533,94.762,4.972,4.454,3.829,1.875,1.229,7.212,1.026,0,0,0,0,0,0,0,0,0,0
Tamarack,2021,2021-07-24 15:00:00,2021-07-24 08:00:00,2021-07-24 07:00:00,477,476.5,368.563,98.1980997852533,94.762,4.972,4.454,3.829,1.875,1.229,7.212,1.026,0,0,0,0,0,0,0,0,0,0
Tamarack,2021,2021-07-24 16:00:00,2021-07-24 09:00:00,2021-07-24 08:00:00,478,477.5,368.563,98.1980997852533,94.762,4.972,4.454,3.829,1.875,1.229,7.212,1.026,0,0,0,0,0,0,0,0,0,0
Tamarack,2021,2021-07-24 17:00:00,2021-07-24 10:00:00,2021-07-24 09:00:00,479,478.5,368.563,98.1980997852533,94.762,4.972,4.297,3.516,1.094,1.229,7.212,1.026,0,1,1,1,0,0,0,0,0,0
Tamarack,2021,2021-07-24 18:00:00,2021-07-24 11:00:00,2021-07-24 10:00:00,480,479.5,368.563,98.1980997852533,94.762,4.972,1.875,3.516,1.094,1.229,7.212,1.026,0,1,0,0,0,0,0,0,0,0
Tamarack,2021,2021-07-24 19:00:00,2021-07-24 12:00:00,2021-07-24 11:00:00,481,480.5,368.563,98.1980997852533,94.762,4.972,6.106,5.058,2.823,1.229,7.212,1.026,0,1,1,1,0,0,0,0,0,0
Tamarack,2021,2021-07-24 20:00:00,2021-07-24 13:00:00,2021-07-24 12:00:00,482,481.5,368.563,98.1980997852533,94.762,4.972,11.741,9.773,6.997,4.187,7.212,1.026,0,1,1,1,1,0,0,0,0,0
Tamarack,2021,2021-07-24 21:00:00,2021-07-24 14:00:00,2021-07-24 13:00:00,483,482.5,368.563,98.1980997852533,94.762,4.972,16.365,15.194,10.303,4.777,7.212,1.026,0,1,1,1,1,0,0,0,0,0
Tamarack,2021,2021-07-24 22:00:00,2021-07-24 15:00:00,2021-07-24 14:00:00,484,483.5,368.563,98.1980997852533,94.762,4.972,13.318,11.912,8.896,5.513,3.153,1.026,0,1,1,1,1,1,0,0,0,0
Tamarack,2021,2021-07-24 23:00:00,2021-07-24 16:00:00,2021-07-24 15:00:00,485,484.5,368.563,98.1980997852533,94.762,4.972,17.116,16.053,12.949,7.848,3.153,1.026,0,1,1,1,1,0,0,0,0,0
Tamarack,2021,2021-07-25 00:00:00,2021-07-24 17:00:00,2021-07-24 16:00:00,486,485.5,368.563,98.1980997852533,94.762,4.972,15.983,11.066,4.096,7.848,3.153,1.026,0,1,1,1,0,0,0,0,0,0
Tamarack,2021,2021-07-25 01:00:00,2021-07-24 18:00:00,2021-07-24 17:00:00,487,486.5,368.563,98.1980997852533,94.762,4.972,5.605,4.178,4.096,7.848,3.153,1.026,0,1,1,0,0,0,0,0,0,0
Tamarack,2021,2021-07-25 02:00:00,2021-07-24 19:00:00,2021-07-24 18:00:00,488,487.5,368.563,98.1980997852533,94.762,4.972,10.872,9.668,5.007,7.848,3.153,1.026,0,1,1,1,0,0,0,0,0,0
Tamarack,2021,2021-07-25 03:00:00,2021-07-24 20:00:00,2021-07-24 19:00:00,489,488.5,368.563,98.1980997852533,94.762,4.972,7.076,6.198,4.474,1.127,3.153,1.026,0,1,1,1,1,0,0,0,0,0
Tamarack,2021,2021-07-25 04:00:00,2021-07-24 21:00:00,2021-07-24 20:00:00,490,489.5,368.563,98.1980997852533,94.762,4.972,6.418,5.605,3.442,1.127,3.153,1.026,0,1,1,1,0,0,0,0,0,0
Tamarack,2021,2021-07-25 05:00:00,2021-07-24 22:00:00,2021-07-24 21:00:00,491,490.5,368.563,98.1980997852533,94.762,4.972,6.418,5.605,3.442,1.127,3.153,1.026,0,0,0,0,0,0,0,0,0,0
Tamarack,2021,2021-07-25 06:00:00,2021-07-24 23:00:00,2021-07-24 22:00:00,492,491.5,368.563,98.1980997852533,94.762,4.972,8.601,7.153,2.031,1.127,3.153,1.026,0,1,1,1,0,0,0,0,0,0
Tamarack,2021,2021-07-25 07:00:00,2021-07-25 00:00:00,2021-07-24 23:00:00,493,492.5,368.563,98.1980997852533,94.762,4.972,7.701,6.686,4.769,0.407,3.153,1.026,0,1,1,1,1,0,0,0,0,0
Tamarack,2021,2021-07-25 08:00:00,2021-07-25 01:00:00,2021-07-25 00:00:00,494,493.5,368.563,98.1980997852533,94.762,4.972,7.721,6.881,4.962,1.634,3.153,1.026,1,1,1,1,1,0,0,0,0,0
Tamarack,2021,2021-07-25 09:00:00,2021-07-25 02:00:00,2021-07-25 01:00:00,495,494.5,369.355,98.4091163415271,94.711,4.705,7.739,6.977,5.193,2.259,3.153,1.026,0,1,1,1,1,0,0,0.792,0.346,0.159
Tamarack,2021,2021-07-25 10:00:00,2021-07-25 03:00:00,2021-07-25 02:00:00,496,495.5,369.355,98.4091163415271,94.711,4.705,6.977,5.759,2.57,2.259,3.153,1.026,0,1,1,1,0,0,0,0,0,0
Tamarack,2021,2021-07-25 11:00:00,2021-07-25 04:00:00,2021-07-25 03:00:00,497,496.5,369.355,98.4091163415271,94.711,4.705,4.07,3.153,2.57,2.259,3.153,1.026,0,1,1,0,0,0,0,0,0,0
Tamarack,2021,2021-07-25 12:00:00,2021-07-25 05:00:00,2021-07-25 04:00:00,498,497.5,369.355,98.4091163415271,94.711,4.705,4.07,3.153,2.57,2.259,3.153,1.026,0,0,0,0,0,0,0,0,0,0
Tamarack,2021,2021-07-25 13:00:00,2021-07-25 06:00:00,2021-07-25 05:00:00,499,498.5,369.355,98.4091163415271,94.711,4.705,4.07,3.153,2.57,2.259,3.153,1.026,0,0,0,0,0,0,0,0,0,0
Tamarack,2021,2021-07-25 14:00:00,2021-07-25 07:00:00,2021-07-25 06:00:00,500,499.5,369.355,98.4091163415271,94.711,4.705,4.07,3.153,2.57,2.259,3.153,1.026,0,0,0,0,0,0,0,0,0,0
Tamarack,2021,2021-07-25 15:00:00,2021-07-25 08:00:00,2021-07-25 07:00:00,501,500.5,369.355,98.4091163415271,94.711,4.705,4.07,3.153,2.57,2.259,3.153,1.026,0,0,0,0,0,0,0,0,0,0
Tamarack,2021,2021-07-25 16:00:00,2021-07-25 09:00:00,2021-07-25 08:00:00,502,501.5,369.355,98.4091163415271,94.711,4.705,4.07,3.153,2.57,2.259,3.153,1.026,0,0,0,0,0,0,0,0,0,0
Tamarack,2021,2021-07-25 17:00:00,2021-07-25 10:00:00,2021-07-25 09:00:00,503,502.5,369.355,98.4091163415271,94.711,4.705,4.07,3.153,2.57,2.259,3.153,1.026,0,0,0,0,0,0,0,0,0,0
Tamarack,2021,2021-07-25 18:00:00,2021-07-25 11:00:00,2021-07-25 10:00:00,504,503.5,369.355,98.4091163415271,94.711,4.705,10.304,9.157,5.617,2.964,0.451,1.026,1,1,1,1,1,1,0,0,0,0
Tamarack,2021,2021-07-25 19:00:00,2021-07-25 12:00:00,2021-07-25 11:00:00,505,504.5,372.025,99.1204979138136,95.581,8.682,13.668,12.262,8.9,5.698,3.696,0.551,1,1,1,1,1,1,1,2.67,1.195,0.567
Tamarack,2021,2021-07-25 20:00:00,2021-07-25 13:00:00,2021-07-25 12:00:00,506,505.5,375.326,100,95.454,0,13.697,12.369,9.941,8.206,6.04,4.443,0,1,1,1,1,1,1,3.301,0.807,0.38
