active_fraction,blocked_actions,breached_line_cells,burned_fraction,constructed_line_cells,contained,cumulative_cost,cumulative_exposure,escaped,held_line_cells,line_breach_events,line_completions,line_starts,minute,reload_queue_entries,retardant_drops,seed,strategy,water_drops,weighted_loss,wind_speed_m_s
0.0,0,0,0.00537109375,0,True,0.0,0.0,False,0,0,0,0,117,0,0,20260800,uncontrolled,0,16.110107421875,2.0
0.0,0,0,0.00537109375,0,True,16.0,10.239999999999958,False,0,0,0,0,101,9,5,20260800,aerial_only,5,15.73405647277832,2.0
0.0,0,0,0.00537109375,30,True,20.899999999999938,21.199999999999726,False,0,0,0,2,117,10,5,20260800,integrated_operations,6,15.88339900970459,2.0
0.004638671875,0,0,0.126953125,0,False,0.0,0.0,True,0,0,0,0,447,0,0,20260800,uncontrolled,0,301.5792541503906,6.0
0.004150390625,0,0,0.122802734375,0,False,32.8,19.19999999999977,True,0,0,0,0,456,14,11,20260800,aerial_only,8,288.12847900390625,6.0
0.02734375,0,14,0.066162109375,39,False,31.624999999999826,31.7999999999995,False,7,11,1,3,180,14,8,20260800,integrated_operations,8,214.37545776367188,6.0
0.00244140625,0,0,0.12060546875,0,False,0.0,0.0,True,0,0,0,0,521,0,0,20260800,uncontrolled,0,291.86346435546875,10.0
0.003173828125,0,0,0.119140625,0,False,32.8,19.19999999999977,True,0,0,0,0,522,14,11,20260800,aerial_only,8,287.962158203125,10.0
0.002685546875,0,11,0.104736328125,64,False,51.42499999999911,60.31999999999889,True,13,8,7,9,521,14,11,20260800,integrated_operations,8,267.48614501953125,10.0
0.0,0,0,0.005126953125,0,True,0.0,0.0,False,0,0,0,0,105,0,0,20260801,uncontrolled,0,15.490740776062012,2.0
0.0,0,0,0.005126953125,0,True,12.8,7.960000000000006,False,0,0,0,0,79,6,4,20260801,aerial_only,4,15.412435531616211,2.0
0.0,0,0,0.005126953125,27,True,19.52499999999997,18.959999999999773,False,0,0,0,2,105,9,5,20260801,integrated_operations,5,15.49001407623291,2.0
0.003173828125,0,0,0.11865234375,0,False,0.0,0.0,True,0,0,0,0,515,0,0,20260801,uncontrolled,0,280.6874694824219,6.0
0.017333984375,0,0,0.0625,0,False,25.599999999999998,17.479999999999805,False,0,0,0,0,180,14,8,20260801,aerial_only,8,170.95263671875,6.0
0.019287109375,0,14,0.05224609375,39,False,30.899999999999867,31.7599999999995,False,3,14,2,3,180,14,8,20260801,integrated_operations,8,169.32913208007812,6.0
0.000244140625,0,0,0.113525390625,0,False,0.0,0.0,True,0,0,0,0,580,0,0,20260801,uncontrolled,0,260.0940856933594,10.0
0.00146484375,0,0,0.109130859375,0,False,32.8,19.19999999999977,True,0,0,0,0,526,14,11,20260801,aerial_only,8,252.8284912109375,10.0
0.020751953125,0,9,0.046875,41,False,30.99999999999986,31.7599999999995,False,5,9,2,3,180,14,8,20260801,integrated_operations,8,159.75704956054688,10.0
0.0,0,0,0.005126953125,0,True,0.0,0.0,False,0,0,0,0,110,0,0,20260802,uncontrolled,0,15.621734619140625,2.0
0.0,0,0,0.005126953125,0,True,12.8,7.960000000000006,False,0,0,0,0,79,6,4,20260802,aerial_only,4,15.412435531616211,2.0
0.0,0,0,0.005126953125,26,True,20.52499999999996,19.719999999999757,False,0,0,0,2,109,10,5,20260802,integrated_operations,6,15.526782035827637,2.0
0.00146484375,0,0,0.1220703125,0,False,0.0,0.0,True,0,0,0,0,514,0,0,20260802,uncontrolled,0,268.370849609375,6.0
0.00341796875,0,0,0.119384765625,0,False,32.8,19.19999999999977,True,0,0,0,0,514,14,11,20260802,aerial_only,8,277.18890380859375,6.0
0.025390625,0,5,0.038330078125,40,False,31.324999999999843,31.679999999999502,False,14,5,2,3,180,14,8,20260802,integrated_operations,8,159.31658935546875,6.0
0.0,0,0,0.123291015625,0,True,0.0,0.0,True,0,0,0,0,602,0,0,20260802,uncontrolled,0,283.9316101074219,10.0
0.001953125,0,0,0.117919921875,0,False,32.8,19.19999999999977,True,0,0,0,0,602,14,11,20260802,aerial_only,8,273.5483703613281,10.0
0.017333984375,0,13,0.06982421875,43,False,37.324999999999775,35.51999999999942,True,9,13,2,4,214,14,10,20260802,integrated_operations,8,207.3511505126953,10.0
0.0,0,0,0.00537109375,0,True,0.0,0.0,False,0,0,0,0,115,0,0,20260803,uncontrolled,0,15.959221839904785,2.0
0.0,0,0,0.005126953125,0,True,13.600000000000001,9.63999999999997,False,0,0,0,0,95,8,4,20260803,aerial_only,5,15.434648513793945,2.0
0.0,0,0,0.005126953125,18,True,16.07500000000003,15.159999999999853,False,0,0,0,2,84,7,4,20260803,integrated_operations,5,15.42933464050293,2.0
0.001953125,0,0,0.125244140625,0,False,0.0,0.0,True,0,0,0,0,521,0,0,20260803,uncontrolled,0,293.8361511230469,6.0
0.0244140625,0,0,0.055908203125,0,False,25.599999999999998,17.479999999999805,False,0,0,0,0,180,14,8,20260803,aerial_only,8,185.86642456054688,6.0
0.001220703125,0,18,0.10302734375,72,False,51.299999999999116,60.199999999998894,True,11,15,6,8,520,14,11,20260803,integrated_operations,8,256.6276550292969,6.0
0.0048828125,0,0,0.11572265625,0,False,0.0,0.0,True,0,0,0,0,458,0,0,20260803,uncontrolled,0,283.32666015625,10.0
0.001708984375,0,0,0.094482421875,0,False,32.8,19.19999999999977,True,0,0,0,0,511,14,11,20260803,aerial_only,8,239.78958129882812,10.0
0.00244140625,0,24,0.1142578125,77,False,52.49999999999905,61.67999999999886,True,10,21,7,8,538,14,11,20260803,integrated_operations,8,293.82696533203125,10.0
0.0,0,0,0.00537109375,0,True,0.0,0.0,False,0,0,0,0,118,0,0,20260804,uncontrolled,0,15.981466293334961,2.0
0.0,0,0,0.005126953125,0,True,12.8,7.960000000000006,False,0,0,0,0,79,6,4,20260804,aerial_only,4,14.80410099029541,2.0
0.0,0,0,0.00537109375,28,True,20.224999999999977,19.51999999999976,False,0,0,1,2,108,9,5,20260804,integrated_operations,6,15.967460632324219,2.0
0.0,0,0,0.123779296875,0,True,0.0,0.0,True,0,0,0,0,686,0,0,20260804,uncontrolled,0,283.93536376953125,6.0
0.001220703125,0,0,0.119873046875,0,False,32.8,19.19999999999977,True,0,0,0,0,686,14,11,20260804,aerial_only,8,291.7962341308594,6.0
0.0029296875,0,13,0.095703125,78,False,51.5999999999991,60.679999999998884,True,20,13,7,9,525,14,11,20260804,integrated_operations,8,254.3709259033203,6.0
0.002197265625,0,0,0.125,0,False,0.0,0.0,True,0,0,0,0,591,0,0,20260804,uncontrolled,0,297.68621826171875,10.0
0.0009765625,0,0,0.1142578125,0,False,32.8,19.19999999999977,True,0,0,0,0,611,14,11,20260804,aerial_only,8,283.735595703125,10.0
0.02685546875,0,19,0.050048828125,45,False,31.54999999999983,31.679999999999502,False,9,18,2,3,180,14,8,20260804,integrated_operations,8,197.30418395996094,10.0
0.0,0,0,0.005126953125,0,True,0.0,0.0,False,0,0,0,0,82,0,0,20260805,uncontrolled,0,15.41769790649414,2.0
0.0,0,0,0.005126953125,0,True,12.8,7.960000000000006,False,0,0,0,0,79,6,4,20260805,aerial_only,4,15.412435531616211,2.0
0.0,0,0,0.005126953125,18,True,15.050000000000033,14.279999999999871,False,0,0,0,2,79,6,4,20260805,integrated_operations,4,15.412435531616211,2.0
0.0,0,0,0.12158203125,0,True,0.0,0.0,True,0,0,0,0,613,0,0,20260805,uncontrolled,0,285.21954345703125,6.0
0.0263671875,0,0,0.033203125,0,False,25.599999999999998,17.479999999999805,False,0,0,0,0,180,14,8,20260805,aerial_only,8,150.0545654296875,6.0
0.02685546875,0,8,0.020263671875,40,False,31.224999999999852,31.7599999999995,False,7,6,2,3,180,14,8,20260805,integrated_operations,8,134.12350463867188,6.0
0.002197265625,0,0,0.12158203125,0,False,0.0,0.0,True,0,0,0,0,605,0,0,20260805,uncontrolled,0,297.5540771484375,10.0
0.0009765625,0,0,0.110595703125,0,False,32.8,19.19999999999977,True,0,0,0,0,605,14,11,20260805,aerial_only,8,275.3515625,10.0
0.001708984375,0,21,0.097412109375,72,False,55.47499999999888,66.71999999999923,True,11,18,7,9,600,14,11,20260805,integrated_operations,8,262.0821838378906,10.0
0.000732421875,0,0,0.005126953125,0,False,0.0,0.0,False,0,0,0,0,180,0,0,20260806,uncontrolled,0,18.366928100585938,2.0
0.0,0,0,0.005126953125,0,True,16.8,12.079999999999918,False,0,0,0,0,120,10,5,20260806,aerial_only,6,15.45082950592041,2.0
0.0,0,0,0.005126953125,32,True,20.199999999999978,20.91999999999973,False,0,0,1,2,116,10,5,20260806,integrated_operations,6,15.541476249694824,2.0
0.000244140625,0,0,0.128173828125,0,False,0.0,0.0,True,0,0,0,0,518,0,0,20260806,uncontrolled,0,286.1512145996094,6.0
0.0244140625,0,0,0.0556640625,0,False,25.599999999999998,17.479999999999805,False,0,0,0,0,180,14,8,20260806,aerial_only,8,175.08294677734375,6.0
0.01025390625,0,9,0.011962890625,46,False,31.22499999999985,31.7199999999995,False,12,7,2,3,180,14,8,20260806,integrated_operations,8,66.38137817382812,6.0
0.003173828125,0,0,0.12060546875,0,False,0.0,0.0,True,0,0,0,0,532,0,0,20260806,uncontrolled,0,305.21112060546875,10.0
0.003662109375,0,0,0.108154296875,0,False,32.8,19.19999999999977,True,0,0,0,0,710,14,11,20260806,aerial_only,8,287.99810791015625,10.0
0.00146484375,0,15,0.076416015625,80,False,52.94999999999902,61.95999999999886,True,12,12,6,8,542,14,11,20260806,integrated_operations,8,192.76637268066406,10.0
0.0,0,0,0.00537109375,0,True,0.0,0.0,False,0,0,0,0,122,0,0,20260807,uncontrolled,0,16.42412757873535,2.0
0.0,0,0,0.005126953125,0,True,13.600000000000001,9.519999999999973,False,0,0,0,0,94,8,4,20260807,aerial_only,5,15.433622360229492,2.0
0.000244140625,0,0,0.005126953125,41,False,31.849999999999813,31.7599999999995,False,0,0,2,3,180,14,8,20260807,integrated_operations,8,16.51493263244629,2.0
0.000732421875,0,0,0.121826171875,0,False,0.0,0.0,True,0,0,0,0,465,0,0,20260807,uncontrolled,0,268.6993408203125,6.0
0.020263671875,0,0,0.059326171875,0,False,25.599999999999998,17.479999999999805,False,0,0,0,0,180,14,8,20260807,aerial_only,8,175.34695434570312,6.0
0.02587890625,0,12,0.037841796875,38,False,31.849999999999813,31.7599999999995,False,10,12,2,3,180,14,8,20260807,integrated_operations,8,160.91329956054688,6.0
0.002197265625,0,0,0.12060546875,0,False,0.0,0.0,True,0,0,0,0,508,0,0,20260807,uncontrolled,0,288.5103759765625,10.0
0.00146484375,0,0,0.10693359375,0,False,32.8,19.19999999999977,True,0,0,0,0,584,14,11,20260807,aerial_only,8,258.4731140136719,10.0
0.00048828125,0,19,0.105712890625,68,False,55.29999999999889,67.59999999999937,True,6,17,8,9,615,14,11,20260807,integrated_operations,8,267.8759765625,10.0
